date,ticker,open,high,low,close,volume,dividends,stocksplits
2023-01-03 0:00,AAPL,129.7265313,130.3438925,123.6424877,124.5386658,112117500,0,0
2023-01-04 0:00,AAPL,126.350936,128.1134208,124.5486278,125.8231888,89113600,0,0
2023-01-05 0:00,AAPL,126.5899131,127.2271936,124.2299864,124.4888763,80962700,0,0
2023-01-06 0:00,AAPL,125.4746643,129.7364724,124.3594198,129.0693207,87754700,0,0
2023-01-09 0:00,AAPL,129.915709,132.843221,129.3381712,129.5970612,70790800,0,0
2023-01-10 0:00,AAPL,129.7066018,130.7023535,127.575694,130.1746063,63896200,0,0
2023-01-11 0:00,AAPL,130.6923931,132.9427862,129.905756,132.9228821,69458900,0,0
2023-01-12 0:00,AAPL,133.3112357,133.689611,130.8815992,132.8432312,71379600,0,0
2023-01-13 0:00,AAPL,131.469102,134.3468239,131.1006787,134.1875,57809700,0,0
2023-01-17 0:00,AAPL,134.2572028,136.7067435,133.5601797,135.3624878,63646600,0,0
2023-01-18 0:00,AAPL,136.2387504,138.0211392,134.4563464,134.6355896,69672800,0,0
2023-01-19 0:00,AAPL,133.5103809,135.6711601,133.2017003,134.6953278,58280400,0,0
2023-01-20 0:00,AAPL,134.7052782,137.4336431,133.6497839,137.2842712,80223600,0,0
2023-01-23 0:00,AAPL,137.5332105,142.7111311,137.3141439,140.5105133,81760300,0,0
2023-01-24 0:00,AAPL,139.7139143,142.5518127,139.7039623,141.9244843,66435100,0,0
2023-01-25 0:00,AAPL,140.2914591,141.8249101,138.2202937,141.2573395,65799300,0,0
2023-01-26 0:00,AAPL,142.5617669,143.6371805,141.297158,143.3484192,54105100,0,0
2023-01-27 0:00,AAPL,142.551822,146.6045236,142.47216,145.3100433,70555800,0,0
2023-01-30 0:00,AAPL,144.344182,144.9316719,142.2431451,142.3925018,64015300,0,0
2023-01-31 0:00,AAPL,142.0937604,143.7267926,141.6755466,143.677002,65874500,0,0
2023-02-01 0:00,AAPL,143.3583753,145.9871592,140.7196394,144.8121643,77663600,0,0
2023-02-02 0:00,AAPL,148.267434,150.5377468,147.5405394,150.1792908,118339000,0,0
2023-02-03 0:00,AAPL,147.4011136,156.7113975,147.2019663,153.8436279,154357300,0,0
2023-02-06 0:00,AAPL,151.9218311,152.4495782,150.1394272,151.0853882,69858300,0,0
2023-02-07 0:00,AAPL,150.0000225,154.5705187,150.0000225,153.992981,83322600,0,0
2023-02-08 0:00,AAPL,153.2262617,153.9232848,150.5277682,151.2745819,64120100,0,0
2023-02-09 0:00,AAPL,153.1266907,153.6743571,149.7809645,150.2290497,56007100,0,0
2023-02-10 0:00,AAPL,149.0522783,150.9271393,148.8129276,150.5980377,57450700,0.23,0
2023-02-13 0:00,AAPL,150.538215,153.8391831,150.5082981,153.4303131,62199000,0,0
2023-02-14 0:00,AAPL,151.7050183,153.3505263,150.448461,152.782074,61707600,0,0
2023-02-15 0:00,AAPL,152.6923201,155.0757997,152.4629518,154.9062653,65573800,0,0
2023-02-16 0:00,AAPL,153.0912134,155.9035276,152.9316614,153.2906799,68167900,0,0
2023-02-17 0:00,AAPL,151.9343987,152.5826195,150.4384907,152.1338501,59144100,0,0
2023-02-21 0:00,AAPL,149.7902603,150.8872657,148.00515,148.0749512,58867200,0,0
2023-02-22 0:00,AAPL,148.4638695,149.540925,146.758543,148.5037689,51011300,0,0
2023-02-23 0:00,AAPL,149.6805518,149.9298698,146.8383357,148.9924316,48394200,0,0
2023-02-24 0:00,AAPL,146.7086867,146.7884702,145.3224792,146.3097839,55469600,0,0
2023-02-27 0:00,AAPL,147.3070609,148.7630696,147.0477604,147.5164795,44998500,0,0
2023-02-28 0:00,AAPL,146.648855,148.673316,146.4294539,147.0078735,50547000,0,0
2023-03-01 0:00,AAPL,146.4294626,146.8283653,144.6144201,144.9136047,55479000,0,0
2023-03-02 0:00,AAPL,143.986153,146.3097989,143.5074515,145.5119781,52238100,0,0
2023-03-03 0:00,AAPL,147.6361473,150.6977798,146.9280927,150.6179962,70732300,0,0
2023-03-06 0:00,AAPL,153.3704705,155.8736332,153.0413841,153.4103699,87558000,0,0
2023-03-07 0:00,AAPL,153.2807093,153.6098109,150.7177281,151.1864471,56182000,0,0
2023-03-08 0:00,AAPL,152.3931385,153.0513417,151.4158162,152.4529724,47204800,0,0
2023-03-09 0:00,AAPL,153.141083,154.1184052,149.8201654,150.179184,53833600,0,0
2023-03-10 0:00,AAPL,149.8002363,150.5282406,147.2073229,148.0948944,68572400,0,0
2023-03-13 0:00,AAPL,147.4067773,152.722239,147.2970767,150.0595245,84457100,0,0
2023-03-14 0:00,AAPL,150.8673126,152.9815245,149.6905389,152.1737366,73695900,0,0
2023-03-15 0:00,AAPL,150.7775545,152.8319323,149.5110148,152.5726471,77167900,0,0
2023-03-16 0:00,AAPL,151.7449143,156.033187,151.2263286,155.4248505,76161100,0,0
2023-03-17 0:00,AAPL,155.6542193,156.3124225,153.8591266,154.5771637,98944600,0,0
2023-03-20 0:00,AAPL,154.6469811,157.3894792,153.7294775,156.9706116,73641400,0,0
2023-03-21 0:00,AAPL,156.8908448,158.9651573,156.1129586,158.8454895,73938300,0,0
2023-03-22 0:00,AAPL,158.8654357,161.6976845,157.3794949,157.3994446,75701800,0,0
2023-03-23 0:00,AAPL,158.3967266,161.1093079,157.2498546,158.4964447,67622100,0,0
2023-03-24 0:00,AAPL,158.4266282,159.9025865,157.419389,159.8128357,59196500,0,0
2023-03-27 0:00,AAPL,159.5036807,160.3314182,157.4393204,157.8482056,52390300,0,0
2023-03-28 0:00,AAPL,157.5390593,158.057645,155.5544825,157.2199249,45992200,0,0
2023-03-29 0:00,AAPL,158.935231,160.6106558,158.9152965,160.3314209,51305700,0,0
2023-03-30 0:00,AAPL,161.0893461,162.0267843,160.8300609,161.9170837,49501700,0,0
2023-03-31 0:00,AAPL,161.9968689,164.5498828,161.4683159,164.4501495,68749800,0,0
2023-04-03 0:00,AAPL,163.8218793,165.8363578,163.7720127,165.7166901,56976200,0,0
2023-04-04 0:00,AAPL,166.145532,166.3848676,164.6595911,165.1781769,46278300,0,0
2023-04-05 0:00,AAPL,164.2906005,164.5997524,161.3586183,163.3132629,51511700,0,0
2023-04-06 0:00,AAPL,161.9869029,164.5100154,161.5580832,164.2108307,45390100,0,0
2023-04-10 0:00,AAPL,160.9796456,161.5879822,159.6433048,161.5879822,47716900,0,0
2023-04-11 0:00,AAPL,161.9071181,161.9170853,160.072126,160.3613434,47644200,0,0
2023-04-12 0:00,AAPL,160.7802089,161.6179138,159.3441347,159.663269,50133100,0,0
2023-04-13 0:00,AAPL,161.1890809,165.3477034,160.9796471,165.1083527,68445600,0,0
2023-04-14 0:00,AAPL,164.1410041,165.8662957,163.3731156,164.7593231,49386500,0,0
2023-04-17 0:00,AAPL,164.6396336,164.9388183,163.5825277,164.7792511,41516200,0,0
2023-04-18 0:00,AAPL,165.6468986,166.9533226,165.198114,166.0158844,49923000,0,0
2023-04-19 0:00,AAPL,165.3477046,167.7012672,165.0884041,167.1727142,47720200,0,0
2023-04-20 0:00,AAPL,165.6369189,167.412062,165.1083659,166.1953888,52456400,0,0
2023-04-21 0:00,AAPL,164.5997564,165.9959312,164.0412865,164.5698395,58337300,0,0
2023-04-24 0:00,AAPL,164.549881,165.1482502,163.4429084,164.8789825,41949600,0,0
2023-04-25 0:00,AAPL,164.7393666,165.8563064,163.2833428,163.3232422,48714100,0,0
2023-04-26 0:00,AAPL,162.6151756,164.8291207,162.3558903,163.3132629,45498800,0,0
2023-04-27 0:00,AAPL,164.7393748,168.1001768,164.7393748,167.950592,64902300,0,0
2023-04-28 0:00,AAPL,168.0303763,169.386667,167.4220398,169.2171173,55209200,0,0
2023-05-01 0:00,AAPL,168.8182132,169.9850197,168.1799597,169.1273651,52472900,0,0
2023-05-02 0:00,AAPL,169.6260055,169.885306,167.0829586,168.0802307,48425700,0,0
2023-05-03 0:00,AAPL,169.0376052,170.4537297,166.7039924,166.9931946,65136000,0,0
2023-05-04 0:00,AAPL,164.440184,166.5843128,163.8617644,165.3377228,81235400,0,0
2023-05-05 0:00,AAPL,170.5135657,173.8245162,170.2941647,173.0965118,113316400,0,0
2023-05-08 0:00,AAPL,172.0094659,173.3757389,171.6404802,173.0266876,55962800,0,0
2023-05-09 0:00,AAPL,172.5779291,173.0665827,171.1318877,171.3014221,45326900,0,0
2023-05-10 0:00,AAPL,172.5480124,173.5552517,171.4310574,173.0865326,53724500,0,0
2023-05-11 0:00,AAPL,173.3757495,174.1137211,171.7003246,173.2760162,49514700,0,0
2023-05-12 0:00,AAPL,173.3858521,173.8252611,170.7693903,172.3372803,45497800,0.24,0
2023-05-15 0:00,AAPL,172.9264934,172.976429,171.2387699,171.8379669,37266700,0,0
2023-05-16 0:00,AAPL,171.758073,172.9065161,171.5683268,171.8379669,42110300,0,0
2023-05-17 0:00,AAPL,171.4784486,172.6967894,170.1901797,172.4571228,57951600,0,0
2023-05-18 0:00,AAPL,172.7666959,175.0036805,172.3472641,174.8139343,65496700,0,0
2023-05-19 0:00,AAPL,176.1521347,176.1521347,174.7040931,174.9237976,55772400,0,0
2023-05-22 0:00,AAPL,173.7453681,174.4743946,173.2160841,173.9650726,43570900,0,0
2023-05-23 0:00,AAPL,172.8965339,173.1461968,171.0490226,171.3286438,50747300,0,0
2023-05-24 0:00,AAPL,170.8592725,172.1874808,170.2900491,171.6082611,45143500,0,0
2023-05-25 0:00,AAPL,172.1774942,173.6654751,171.458464,172.7567139,56058300,0,0
2023-05-26 0:00,AAPL,173.0862804,175.5329735,172.8765569,175.1934204,54835000,0,0
2023-05-30 0:00,AAPL,176.72136,178.7486211,176.3318866,177.0608978,55964400,0,0
2023-05-31 0:00,AAPL,177.090865,179.1081452,176.5216264,177.0109711,99625300,0,0
2023-06-01 0:00,AAPL,177.4603611,179.8770958,176.6913952,179.8471375,68901800,0,0
2023-06-02 0:00,AAPL,180.7858723,181.5348609,179.018255,180.7059784,61945900,0,0
2023-06-05 0:00,AAPL,182.3837196,184.700583,177.7998978,179.3378296,121946500,0,0
2023-06-06 0:00,AAPL,179.7273076,179.8770993,177.1907244,178.968338,64848400,0,0
2023-06-07 0:00,AAPL,178.1993592,180.9656278,177.0808745,177.5802002,61944600,0,0
2023-06-08 0:00,AAPL,177.6600796,180.5961172,177.2206858,180.3264923,50214900,0,0
2023-06-09 0:00,AAPL,181.255238,181.9842493,180.3864161,180.7159729,48870700,0,0
2023-06-12 0:00,AAPL,181.0255541,183.642016,180.7259556,183.5421448,54274900,0,0
2023-06-13 0:00,AAPL,182.5534832,183.9016535,182.1939681,183.0627899,54929100,0,0
2023-06-14 0:00,AAPL,183.1227151,184.1413439,181.7745448,183.7019348,57462900,0,0
2023-06-15 0:00,AAPL,183.7119319,186.2684773,183.5321668,185.7591553,65433200,0,0
2023-06-16 0:00,AAPL,186.4781805,186.7378396,184.0215064,184.6706238,101235600,0,0
2023-06-20 0:00,AAPL,184.1613163,185.8490397,184.1613163,184.760498,49799100,0,0
2023-06-21 0:00,AAPL,184.6506489,185.1599709,182.3437665,183.7119293,49515700,0,0
2023-06-22 0:00,AAPL,183.4922198,186.7977536,183.4223069,186.747818,51245300,0,0
2023-06-23 0:00,AAPL,185.2997722,187.307056,184.7604919,186.4282379,53079300,0,0
2023-06-26 0:00,AAPL,186.5780507,187.7964066,184.9802023,185.0201569,48088700,0,0
2023-06-27 0:00,AAPL,185.6393095,188.135938,185.419605,187.8063812,50730800,0,0
2023-06-28 0:00,AAPL,187.6765543,189.6438988,187.3470127,188.9947815,51216800,0,0
2023-06-29 0:00,AAPL,188.8250133,189.8136837,188.6852027,189.3343201,46347300,0,0
2023-06-30 0:00,AAPL,191.3715791,194.2177265,191.0020677,193.7084198,85069600,0,0
2023-07-03 0:00,AAPL,193.518682,193.6185532,191.5014017,192.20047,31458200,0,0
2023-07-05 0:00,AAPL,191.3116575,192.7197444,190.3629265,191.0719757,46920300,0,0
2023-07-06 0:00,AAPL,189.583986,191.7610541,188.9448497,191.5513306,45094300,0,0
2023-07-07 0:00,AAPL,191.1518781,192.4101734,189.9834577,190.4228516,46778000,0,0
2023-07-10 0:00,AAPL,189.0047692,189.7337957,186.7877618,188.3556519,59922200,0,0
2023-07-11 0:00,AAPL,188.9049157,189.0447263,186.3483703,187.8263702,46638100,0,0
2023-07-12 0:00,AAPL,189.4241937,191.4414738,188.215834,189.5140839,60750200,0,0
2023-07-13 0:00,AAPL,190.2430959,190.9321678,189.5240657,190.2830353,41342300,0,0
2023-07-14 0:00,AAPL,189.9734597,190.9221755,189.374278,190.4328461,41573900,0,0
2023-07-17 0:00,AAPL,191.6412005,194.0579504,191.5513255,193.7283936,50520200,0,0
2023-07-18 0:00,AAPL,193.0892576,194.0679317,192.1605038,193.4687347,48353800,0,0
2023-07-19 0:00,AAPL,192.839596,197.9626674,192.3901906,194.8368988,80507300,0,0
2023-07-20 0:00,AAPL,194.8269009,196.2050447,192.2403973,192.8695526,59581200,0,0
2023-07-21 0:00,AAPL,193.8382585,194.7070804,190.9721183,191.6811676,71917800,0,0
2023-07-24 0:00,AAPL,193.1491801,194.6471573,191.9907408,192.4900665,45377800,0,0
2023-07-25 0:00,AAPL,193.0692845,194.1777882,192.6598338,193.3588867,37283200,0,0
2023-07-26 0:00,AAPL,193.4088189,195.3761634,193.0593001,194.2377014,47471900,0,0
2023-07-27 0:00,AAPL,195.7556539,196.9340552,192.2903323,192.9594269,47460200,0,0
2023-07-28 0:00,AAPL,194.4074786,196.3648422,193.8781946,195.565918,48291400,0,0
2023-07-31 0:00,AAPL,195.7956004,196.2250284,194.9966762,196.1850739,38824100,0,0
2023-08-01 0:00,AAPL,195.9753619,196.4646914,195.0166499,195.3462067,35175100,0,0
2023-08-02 0:00,AAPL,194.7769713,194.9167819,191.591286,192.3202972,50389300,0,0
2023-08-03 0:00,AAPL,191.3116707,192.1105797,190.4328525,190.9122009,61235200,0,0
2023-08-04 0:00,AAPL,185.2698215,187.1273138,181.6746702,181.7445831,115799700,0,0
2023-08-07 0:00,AAPL,181.8843858,182.8830372,177.1108333,178.6088104,97576100,0,0
2023-08-08 0:00,AAPL,179.4476734,180.026893,177.3405183,179.5575256,67823000,0,0
2023-08-09 0:00,AAPL,180.6260856,180.6860023,176.7712904,177.949707,60378500,0,0
2023-08-10 0:00,AAPL,179.2379539,180.5062455,177.3604996,177.7299957,54686900,0,0
2023-08-11 0:00,AAPL,177.3200073,178.6199951,176.5500031,177.7899933,51988100,0.24,0
2023-08-14 0:00,AAPL,177.9700012,179.6900024,177.3099976,179.4600067,43675600,0,0
2023-08-15 0:00,AAPL,178.8800049,179.4799957,177.0500031,177.4499969,43622600,0,0
2023-08-16 0:00,AAPL,177.1300049,178.5399933,176.5,176.5700073,46964900,0,0
2023-08-17 0:00,AAPL,177.1399994,177.5099945,173.4799957,174,66062900,0,0
2023-08-18 0:00,AAPL,172.3000031,175.1000061,171.9600067,174.4900055,61114200,0,0
2023-08-21 0:00,AAPL,175.0700073,176.1300049,173.7400055,175.8399963,46311900,0,0
2023-08-22 0:00,AAPL,177.0599976,177.6799927,176.25,177.2299957,42084200,0,0
2023-08-23 0:00,AAPL,178.5200043,181.5500031,178.3300018,181.1199951,52722800,0,0
2023-08-24 0:00,AAPL,180.6699982,181.1000061,176.0099945,176.3800049,54945800,0,0
2023-08-25 0:00,AAPL,177.3800049,179.1499939,175.8200073,178.6100006,51449600,0,0
2023-08-28 0:00,AAPL,180.0899963,180.5899963,178.5500031,180.1900024,43820700,0,0
2023-08-29 0:00,AAPL,179.6999969,184.8999939,179.5,184.1199951,53003900,0,0
2023-08-30 0:00,AAPL,184.9400024,187.8500061,184.7400055,187.6499939,60813900,0,0
2023-08-31 0:00,AAPL,187.8399963,189.1199951,187.4799957,187.8699951,60794500,0,0
2023-09-01 0:00,AAPL,189.4900055,189.9199982,188.2799988,189.4600067,45732600,0,0
2023-09-05 0:00,AAPL,188.2799988,189.9799957,187.6100006,189.6999969,45280000,0,0
2023-09-06 0:00,AAPL,188.3999939,188.8500061,181.4700012,182.9100037,81755800,0,0
2023-09-07 0:00,AAPL,175.1799927,178.2100067,173.5399933,177.5599976,112488800,0,0
2023-09-08 0:00,AAPL,178.3500061,180.2400055,177.7899933,178.1799927,65551300,0,0
2023-09-11 0:00,AAPL,180.0700073,180.3000031,177.3399963,179.3600006,58953100,0,0
2023-09-12 0:00,AAPL,179.4900055,180.1300049,174.8200073,176.3000031,90370200,0,0
2023-09-13 0:00,AAPL,176.5099945,177.3000031,173.9799957,174.2100067,84267900,0,0
2023-09-14 0:00,AAPL,174,176.1000061,173.5800018,175.7400055,60895800,0,0
2023-09-15 0:00,AAPL,176.4799957,176.5,173.8200073,175.0099945,109205100,0,0
2023-09-18 0:00,AAPL,176.4799957,179.3800049,176.1699982,177.9700012,67257600,0,0
2023-09-19 0:00,AAPL,177.5200043,179.6300049,177.1300049,179.0700073,51826900,0,0
2023-09-20 0:00,AAPL,179.2599945,179.6999969,175.3999939,175.4900055,58436200,0,0
2023-09-21 0:00,AAPL,174.5500031,176.3000031,173.8600006,173.9299927,63047900,0,0
2023-09-22 0:00,AAPL,174.6699982,177.0789948,174.0549927,174.7899933,55110610,0,0
2023-01-03 0:00,GOOGL,89.58999634,91.05000305,88.51999664,89.12000275,28131200,0,0
2023-01-04 0:00,GOOGL,90.34999847,90.65000153,87.26999664,88.08000183,34854800,0,0
2023-01-05 0:00,GOOGL,87.47000122,87.56999969,85.90000153,86.19999695,27194400,0,0
2023-01-06 0:00,GOOGL,86.79000092,87.69000244,84.86000061,87.33999634,41381500,0,0
2023-01-09 0:00,GOOGL,88.36000061,90.05000305,87.86000061,88.01999664,29003900,0,0
2023-01-10 0:00,GOOGL,85.98000336,88.66999817,85.83000183,88.41999817,30467800,0,0
2023-01-11 0:00,GOOGL,89.18000031,91.59999847,89.01000214,91.51999664,26862000,0,0
2023-01-12 0:00,GOOGL,91.48000336,91.87000275,89.75,91.12999725,30258100,0,0
2023-01-13 0:00,GOOGL,90.84999847,92.19000244,90.12999725,92.12000275,26329200,0,0
2023-01-17 0:00,GOOGL,92.05999756,92.25,90.05000305,91.29000092,32602400,0,0
2023-01-18 0:00,GOOGL,92.13999939,92.80000305,90.63999939,91.12000275,29116700,0,0
2023-01-19 0:00,GOOGL,90.72000122,93.61000061,90.62999725,93.05000305,37000400,0,0
2023-01-20 0:00,GOOGL,95.09999847,98.30000305,95.01999664,98.01999664,63191100,0,0
2023-01-23 0:00,GOOGL,97.94999695,100.0400009,97.5,99.79000092,40005100,0,0
2023-01-24 0:00,GOOGL,98.09999847,99.61000061,97.19999695,97.69999695,33078500,0,0
2023-01-25 0:00,GOOGL,95.56999969,96.16000366,93.76000214,95.22000122,42330000,0,0
2023-01-26 0:00,GOOGL,96.5,97.56999969,95.37999725,97.51999664,30114000,0,0
2023-01-27 0:00,GOOGL,97.30999756,100.3199997,97.30999756,99.37000275,33879800,0,0
2023-01-30 0:00,GOOGL,97.48000336,98.29000092,96.40000153,96.94000244,27226200,0,0
2023-01-31 0:00,GOOGL,96.87000275,98.87999725,96.81999969,98.83999634,29870700,0,0
2023-02-01 0:00,GOOGL,98.70999908,101.1900024,97.58000183,100.4300003,35531100,0,0
2023-02-02 0:00,GOOGL,105.8000031,107.8499985,105.6100006,107.7399979,69883800,0,0
2023-02-03 0:00,GOOGL,102.9300003,107.8099976,102.5800018,104.7799988,65309300,0,0
2023-02-06 0:00,GOOGL,102.4000015,104.3600006,101.8799973,102.9000015,31999600,0,0
2023-02-07 0:00,GOOGL,103.2200012,108.1800003,103.1200027,107.6399994,49010200,0,0
2023-02-08 0:00,GOOGL,102.0500031,103.1399994,98.04000092,99.37000275,94743500,0,0
2023-02-09 0:00,GOOGL,100,100.0299988,93.62999725,95.01000214,119455000,0,0
2023-02-10 0:00,GOOGL,95.44999695,96.75,94.25,94.56999969,54980700,0,0
2023-02-13 0:00,GOOGL,94.73999786,95.19999695,93.83999634,94.61000061,50076100,0,0
2023-02-14 0:00,GOOGL,94.43000031,94.84999847,92.26000214,94.68000031,54726100,0,0
2023-02-15 0:00,GOOGL,94.48999786,97.12000275,94.15000153,96.94000244,50169000,0,0
2023-02-16 0:00,GOOGL,95.37000275,97.68000031,94.73999786,95.51000214,42462600,0,0
2023-02-17 0:00,GOOGL,94.84999847,95.55999756,93.20999908,94.34999847,34284100,0,0
2023-02-21 0:00,GOOGL,93,93.09999847,91.72000122,91.79000092,33629300,0,0
2023-02-22 0:00,GOOGL,91.69999695,92.11000061,90.61000061,91.65000153,30884000,0,0
2023-02-23 0:00,GOOGL,91.91999817,91.94000244,89.76000214,90.88999939,41206400,0,0
2023-02-24 0:00,GOOGL,89.44000244,89.88999939,88.58000183,89.12999725,36585100,0,0
2023-02-27 0:00,GOOGL,89.87000275,90.16000366,89.33999634,89.87000275,27502300,0,0
2023-02-28 0:00,GOOGL,89.33000183,91.23000336,89.31999969,90.05999756,30142000,0,0
2023-03-01 0:00,GOOGL,89.98000336,91.02999878,89.66999817,90.36000061,31111200,0,0
2023-03-02 0:00,GOOGL,89.66000366,92.27999878,89.58999634,92,32204400,0,0
2023-03-03 0:00,GOOGL,92.48000336,93.73000336,92.44999695,93.65000153,35160100,0,0
2023-03-06 0:00,GOOGL,94.01999664,95.97000122,94,95.12999725,32639300,0,0
2023-03-07 0:00,GOOGL,94.98000336,95.66999817,93.52999878,93.86000061,27835500,0,0
2023-03-08 0:00,GOOGL,94.12000275,95.95999908,94,94.25,34103300,0,0
2023-03-09 0:00,GOOGL,94.05000305,95.52999878,91.90000153,92.31999969,28813500,0,0
2023-03-10 0:00,GOOGL,92.16999817,92.79000092,90.40000153,90.62999725,35941000,0,0
2023-03-13 0:00,GOOGL,90.08999634,92.56999969,89.41999817,91.11000061,37335600,0,0
2023-03-14 0:00,GOOGL,92.55999756,94.36000061,92.44000244,93.97000122,36050200,0,0
2023-03-15 0:00,GOOGL,93.22000122,96.93000031,92.63999939,96.11000061,50622100,0,0
2023-03-16 0:00,GOOGL,96.19999695,101.1900024,95.5,100.3199997,65492000,0,0
2023-03-17 0:00,GOOGL,100.2600021,102.8399963,100.0999985,101.6200027,61028500,0,0
2023-03-20 0:00,GOOGL,100.1200027,101.75,99.87000275,101.2200012,32960400,0,0
2023-03-21 0:00,GOOGL,101.25,105.0999985,101.2200012,104.9199982,42110300,0,0
2023-03-22 0:00,GOOGL,104.2699966,106.5899963,103.3300018,103.3700027,43427400,0,0
2023-03-23 0:00,GOOGL,105.0599976,106.3000031,104.4599991,105.5999985,40797800,0,0
2023-03-24 0:00,GOOGL,104.9899979,105.4899979,103.8399963,105.4400024,30393300,0,0
2023-03-27 0:00,GOOGL,104.6200027,104.7600021,101.9300003,102.4599991,31120900,0,0
2023-03-28 0:00,GOOGL,102.4400024,102.4499969,99.73999786,101.0299988,32057900,0,0
2023-03-29 0:00,GOOGL,102.2799988,102.4899979,100.6500015,101.3899994,28779600,0,0
2023-03-30 0:00,GOOGL,100.9100037,101.1600037,99.77999878,100.8899994,33086200,0,0
2023-03-31 0:00,GOOGL,101.3000031,103.8899994,101.0400009,103.7300034,36863400,0,0
2023-04-03 0:00,GOOGL,102.3899994,104.5299988,101.9300003,104.3600006,25035400,0,0
2023-04-04 0:00,GOOGL,104.3300018,105.5800018,104.0400009,104.7200012,24420100,0,0
2023-04-05 0:00,GOOGL,105.7799988,106.0999985,103.6600037,104.4700012,28290500,0,0
2023-04-06 0:00,GOOGL,105.2600021,109.1699982,104.3300018,108.4199982,48711500,0,0
2023-04-10 0:00,GOOGL,106.9800034,107.5899963,105.1200027,106.4400024,27067400,0,0
2023-04-11 0:00,GOOGL,106.5500031,106.7300034,104.6800003,105.3499985,26311800,0,0
2023-04-12 0:00,GOOGL,106.5800018,106.75,104.3399963,104.6399994,24370300,0,0
2023-04-13 0:00,GOOGL,105.8399963,107.4899979,105.8399963,107.4300003,24843600,0,0
2023-04-14 0:00,GOOGL,106.8899994,108.9400024,106.8399963,108.8700027,26578000,0,0
2023-04-17 0:00,GOOGL,104.6600037,106.1600037,104.5199966,105.9700012,37571200,0,0
2023-04-18 0:00,GOOGL,106.4899979,106.5400009,104.0699997,104.5,26596400,0,0
2023-04-19 0:00,GOOGL,103.5800018,104.9800034,103.0699997,104.1800003,20905700,0,0
2023-04-20 0:00,GOOGL,103.9100037,106.25,103.8700027,105.2900009,27820800,0,0
2023-04-21 0:00,GOOGL,105.4700012,106,104.7799988,105.4100037,25800100,0,0
2023-04-24 0:00,GOOGL,105.4899979,106.6299973,104.6999969,105.9700012,23542800,0,0
2023-04-25 0:00,GOOGL,105.8300018,106.6900024,103.8399963,103.8499985,46664100,0,0
2023-04-26 0:00,GOOGL,104.9199982,106.3499985,102.6299973,103.7099991,53347600,0,0
2023-04-27 0:00,GOOGL,104.4499969,108.3700027,103.5400009,107.5899963,50089200,0,0
2023-04-28 0:00,GOOGL,107.0400009,107.3499985,105.0899963,107.3399963,36139800,0,0
2023-05-01 0:00,GOOGL,106.8399963,107.9899979,106.8199997,107.1999969,26681700,0,0
2023-05-02 0:00,GOOGL,107.1399994,107.1999969,103.7099991,105.3199997,30997200,0,0
2023-05-03 0:00,GOOGL,105.5299988,107.4899979,104.9599991,105.4100037,21795400,0,0
2023-05-04 0:00,GOOGL,105.4899979,105.5999985,103.9700012,104.6900024,23419500,0,0
2023-05-05 0:00,GOOGL,104.8199997,105.8799973,104.1100006,105.5699997,26625100,0,0
2023-05-08 0:00,GOOGL,105.1800003,107.9599991,105.1600037,107.7699966,26511400,0,0
2023-05-09 0:00,GOOGL,108.3899994,110.1500015,107.1900024,107.3499985,36360100,0,0
2023-05-10 0:00,GOOGL,107.9700012,112.9400024,107.9300003,111.75,63153400,0,0
2023-05-11 0:00,GOOGL,115.4000015,117.9199982,114.4100037,116.5699997,78900000,0,0
2023-05-12 0:00,GOOGL,116.6800003,118.0299988,116.1100006,117.5100021,41073800,0,0
2023-05-15 0:00,GOOGL,116.1100006,118.4800034,116.0100021,116.5100021,36266800,0,0
2023-05-16 0:00,GOOGL,116.4899979,120.75,116.4300003,119.5100021,45035600,0,0
2023-05-17 0:00,GOOGL,119.6100006,121.6699982,118.8899994,120.8399963,33323600,0,0
2023-05-18 0:00,GOOGL,120.9499969,123.3099976,120.8300018,122.8300018,35234200,0,0
2023-05-19 0:00,GOOGL,123.5500031,125.9700012,122.1500015,122.7600021,41330300,0,0
2023-05-22 0:00,GOOGL,122.9400024,126.4300003,122.7399979,125.0500031,35253000,0,0
2023-05-23 0:00,GOOGL,124.1600037,124.6299973,122.2099991,122.5599976,34046300,0,0
2023-05-24 0:00,GOOGL,121.1200027,121.9100037,119.8600006,120.9000015,34182600,0,0
2023-05-25 0:00,GOOGL,124.5199966,125.3199997,121.9599991,123.4800034,42317000,0,0
2023-05-26 0:00,GOOGL,123.1699982,125.2600021,122.4499969,124.6100006,35635900,0,0
2023-05-30 0:00,GOOGL,125.6399994,125.6600037,122,123.6699982,35076700,0,0
2023-05-31 0:00,GOOGL,122.75,124.0599976,122.5,122.8700027,37325800,0,0
2023-06-01 0:00,GOOGL,122.8199997,124.4199982,122.6200027,123.7200012,30772700,0,0
2023-06-02 0:00,GOOGL,123.9899979,126.1500015,123.7600021,124.6699982,26963100,0,0
2023-06-05 0:00,GOOGL,124.0100021,127.4300003,123.8399963,126.0100021,32305500,0,0
2023-06-06 0:00,GOOGL,126.0100021,128.2899933,125.3600006,127.3099976,26638300,0,0
2023-06-07 0:00,GOOGL,126.9700012,129.0399933,122.1200027,122.5,52539000,0,0
2023-06-08 0:00,GOOGL,122.2300034,123.2300034,121.2399979,122.1399994,29389200,0,0
2023-06-09 0:00,GOOGL,122.25,123.7600021,121.9100037,122.2300034,23762500,0,0
2023-06-12 0:00,GOOGL,122.7900009,124.0500031,121.6600037,123.6399994,28306400,0,0
2023-06-13 0:00,GOOGL,124.9800034,125.1600037,123.1800003,123.8300018,22278300,0,0
2023-06-14 0:00,GOOGL,123.0999985,124.0500031,121.4499969,123.6699982,30592300,0,0
2023-06-15 0:00,GOOGL,123.1399994,125.4599991,122.4000015,125.0899963,35246300,0,0
2023-06-16 0:00,GOOGL,125.9300003,126.1100006,123.2799988,123.5299988,45514000,0,0
2023-06-20 0:00,GOOGL,122.9300003,124.5699997,122.1399994,123.0999985,26097500,0,0
2023-06-21 0:00,GOOGL,122.4000015,122.6600037,120.0999985,120.5500031,30306300,0,0
2023-06-22 0:00,GOOGL,120,123.2399979,118.8300018,123.1500015,26952200,0,0
2023-06-23 0:00,GOOGL,121.3799973,122.7900009,121.0599976,122.3399963,34885300,0,0
2023-06-26 0:00,GOOGL,120.7600021,122,118.2699966,118.3399963,33969900,0,0
2023-06-27 0:00,GOOGL,117.0800018,119.0800018,116.0999985,118.3300018,39535900,0,0
2023-06-28 0:00,GOOGL,117.0899963,120.3899994,116.8499985,120.1800003,27091400,0,0
2023-06-29 0:00,GOOGL,119.2399979,120.0599976,118.3000031,119.0999985,24090900,0,0
2023-06-30 0:00,GOOGL,120.1699982,121.0800018,119.6900024,119.6999969,29519700,0,0
2023-07-03 0:00,GOOGL,119.2399979,120.1900024,118.8199997,119.9000015,14467900,0,0
2023-07-05 0:00,GOOGL,119.2399979,122.6100006,119.2300034,121.75,27584800,0,0
2023-07-06 0:00,GOOGL,119.8000031,120.3000031,118.4000015,120.1100006,24745200,0,0
2023-07-07 0:00,GOOGL,120.0999985,121.0500031,119.4000015,119.4800034,21692600,0,0
2023-07-10 0:00,GOOGL,118.3000031,118.3099976,116.1399994,116.4499969,35315200,0,0
2023-07-11 0:00,GOOGL,116.2900009,117.7099991,115.3499985,117.1399994,23078800,0,0
2023-07-12 0:00,GOOGL,118.8000031,120.3300018,118.4100037,118.9300003,30404400,0,0
2023-07-13 0:00,GOOGL,120.9300003,124.8300018,120.4499969,124.5400009,44297900,0,0
2023-07-14 0:00,GOOGL,124.8000031,126.7799988,123.4899979,125.4199982,33266800,0,0
2023-07-17 0:00,GOOGL,125.9400024,127.0999985,124.1999969,124.6500015,25716200,0,0
2023-07-18 0:00,GOOGL,124.5999985,124.6800003,122.9599991,123.7600021,26226400,0,0
2023-07-19 0:00,GOOGL,124.5999985,125.1800003,121.8000031,122.0299988,37224000,0,0
2023-07-20 0:00,GOOGL,121.4199982,124.0899963,118.2200012,119.1999969,37906800,0,0
2023-07-21 0:00,GOOGL,120.6200027,120.9899979,118.7300034,120.0199966,72937900,0,0
2023-07-24 0:00,GOOGL,121.6600037,123,120.9800034,121.5299988,29686100,0,0
2023-07-25 0:00,GOOGL,121.3600006,123.1500015,121.0199966,122.2099991,52509600,0,0
2023-07-26 0:00,GOOGL,130.0700073,130.9799957,128.3200073,129.2700043,61682100,0,0
2023-07-27 0:00,GOOGL,131.6699982,133.2400055,128.7899933,129.3999939,44952100,0,0
2023-07-28 0:00,GOOGL,130.7799988,133.7400055,130.5700073,132.5800018,36591200,0,0
2023-07-31 0:00,GOOGL,132.7299957,133.5299988,131.7799988,132.7200012,28055500,0,0
2023-08-01 0:00,GOOGL,130.7799988,132.6300049,130.6799927,131.5500031,23166800,0,0
2023-08-02 0:00,GOOGL,129.4499969,130.0899963,127.5599976,128.3800049,26273300,0,0
2023-08-03 0:00,GOOGL,127.9700012,129.3899994,127.4199982,128.4499969,20089500,0,0
2023-08-04 0:00,GOOGL,129.2799988,131.5099945,127.9100037,128.1100006,26130000,0,0
2023-08-07 0:00,GOOGL,129.1600037,131.6100006,129.0200043,131.5299988,22746300,0,0
2023-08-08 0:00,GOOGL,130.6199951,131.5099945,129.5399933,131.3999939,23535200,0,0
2023-08-09 0:00,GOOGL,131.6600037,132.0399933,129,129.6600037,24912900,0,0
2023-08-10 0:00,GOOGL,131.3200073,132.0500031,129.4499969,129.6900024,20857800,0,0
2023-08-11 0:00,GOOGL,128.6600037,129.9299927,128.1699982,129.5599976,19569200,0,0
2023-08-14 0:00,GOOGL,129.3899994,131.3699951,128.9600067,131.3300018,24695600,0,0
2023-08-15 0:00,GOOGL,131.1000061,131.4199982,129.2799988,129.7799988,19770700,0,0
2023-08-16 0:00,GOOGL,128.6999969,130.2799988,127.8700027,128.6999969,25216100,0,0
2023-08-17 0:00,GOOGL,129.8000031,131.9900055,129.2899933,129.9199982,33446300,0,0
2023-08-18 0:00,GOOGL,128.5099945,129.25,126.3799973,127.4599991,30491300,0,0
2023-08-21 0:00,GOOGL,127.1800003,128.7299957,126.5599976,128.3699951,25248700,0,0
2023-08-22 0:00,GOOGL,128.5099945,130.2799988,128.3200073,129.0800018,22067500,0,0
2023-08-23 0:00,GOOGL,130.1799927,133.4100037,129.8699951,132.3699951,27819700,0,0
2023-08-24 0:00,GOOGL,133.9499969,134.25,129.5700073,129.7799988,28500700,0,0
2023-08-25 0:00,GOOGL,129.5399933,130.7599945,127.25,129.8800049,26762900,0,0
2023-08-28 0:00,GOOGL,131.3099976,132.5399933,130.1399994,131.0099945,20543300,0,0
2023-08-29 0:00,GOOGL,132.2400055,136.5700073,132.2400055,134.5700073,43075600,0,0
2023-08-30 0:00,GOOGL,134.7799988,136.2799988,134.0700073,135.8800049,28315800,0,0
2023-08-31 0:00,GOOGL,136.0099945,138,135.7899933,136.1699982,30053800,0,0
2023-09-01 0:00,GOOGL,137.4600067,137.4600067,134.8500061,135.6600037,21524600,0,0
2023-09-05 0:00,GOOGL,135.4400024,136.4199982,134.5800018,135.7700043,19403100,0,0
2023-09-06 0:00,GOOGL,136.0200043,136.5299988,133.6699982,134.4600067,18684500,0,0
2023-09-07 0:00,GOOGL,133.5899963,135.5800018,132.9499969,135.2599945,18844300,0,0
2023-09-08 0:00,GOOGL,134.9100037,136.6600037,134.8500061,136.3800049,23558300,0,0
2023-09-11 0:00,GOOGL,136.5399933,137.4799957,135.7899933,136.9199982,20763400,0,0
2023-09-12 0:00,GOOGL,136.2599945,136.8699951,135.1900024,135.3399963,18405500,0,0
2023-09-13 0:00,GOOGL,135.0899963,136.8999939,134.1499939,136.7100067,20749500,0,0
2023-09-14 0:00,GOOGL,137.6000061,138.6999969,136.2400055,138.1000061,24751000,0,0
2023-09-15 0:00,GOOGL,137.9799957,138.5200043,136.4799957,137.3999939,38908400,0,0
2023-09-18 0:00,GOOGL,136.6100006,139.1600037,136.6100006,138.2100067,21861300,0,0
2023-09-19 0:00,GOOGL,137.4199982,138.4100037,136.6199951,138.0399933,20353700,0,0
2023-09-20 0:00,GOOGL,138.0800018,138.0800018,133.6199951,133.7400055,29927500,0,0
2023-09-21 0:00,GOOGL,131.4400024,132.2299957,130.0700073,130.4400024,31488700,0,0
2023-09-22 0:00,GOOGL,130.7599945,132.0249939,129.6054993,130.25,25004914,0,0
2023-01-03 0:00,META,122.8199997,126.3700027,122.2799988,124.7399979,35528500,0,0
2023-01-04 0:00,META,127.3799973,129.0500031,125.8499985,127.3700027,32397100,0,0
2023-01-05 0:00,META,126.1299973,128.5200043,124.5400009,126.9400024,25447100,0,0
2023-01-06 0:00,META,128.9700012,130.3300018,126.0400009,130.0200043,27584500,0,0
2023-01-09 0:00,META,131.1600037,132.9499969,129.2799988,129.4700012,26649100,0,0
2023-01-10 0:00,META,127.2699966,133.4400024,127.1500015,132.9900055,28684400,0,0
2023-01-11 0:00,META,130.9600067,133.8500061,130.3399963,132.8899994,25423000,0,0
2023-01-12 0:00,META,133.4400024,137.6799927,131.7599945,136.7100067,30757700,0,0
2023-01-13 0:00,META,134.9700012,137.3899994,134.8399963,136.9799957,22423800,0,0
2023-01-17 0:00,META,136.1799927,136.75,134.25,135.3600006,21147600,0,0
2023-01-18 0:00,META,135.8099976,137.25,132.8000031,133.0200043,20215500,0,0
2023-01-19 0:00,META,132.4900055,137.4499969,132.1399994,136.1499939,28625200,0,0
2023-01-20 0:00,META,135.8899994,139.9400024,134.6100006,139.3699951,28688600,0,0
2023-01-23 0:00,META,139.2899933,143.7599945,138.6600037,143.2700043,27470100,0,0
2023-01-24 0:00,META,141.6900024,145,141.3600006,143.1399994,21970200,0,0
2023-01-25 0:00,META,141.2200012,143.1699982,140.3099976,141.5,26622000,0,0
2023-01-26 0:00,META,144.3999939,147.5099945,143.3000031,147.3000031,25482100,0,0
2023-01-27 0:00,META,148.2400055,153.1900024,147.3899994,151.7400055,35771900,0,0
2023-01-30 0:00,META,149.4100037,151.1199951,146.9499969,147.0599976,28040100,0,0
2023-01-31 0:00,META,147.9499969,149.8800049,147.5200043,148.9700012,29842100,0,0
2023-02-01 0:00,META,148.0299988,153.5800018,147.0599976,153.1199951,55661000,0,0
2023-02-02 0:00,META,183.3800049,197.1600037,180.1600037,188.7700043,150475700,0,0
2023-02-03 0:00,META,183.4700012,196.7700043,182.8899994,186.5299988,76809700,0,0
2023-02-06 0:00,META,186.5299988,190.6999969,185.5200043,186.0599976,42483800,0,0
2023-02-07 0:00,META,185.5800018,193.7799988,184.3999939,191.6199951,47080700,0,0
2023-02-08 0:00,META,190,190.8300018,182.9199982,183.4299927,36139100,0,0
2023-02-09 0:00,META,186.1300049,186.6499939,177.2700043,177.9199982,37118800,0,0
2023-02-10 0:00,META,176.3500061,178.8899994,173.3500061,174.1499939,33433600,0,0
2023-02-13 0:00,META,178.2200012,181,175.8200073,179.4299927,31463200,0,0
2023-02-14 0:00,META,177.1600037,181.5099945,175.8800049,179.4799957,24034600,0,0
2023-02-15 0:00,META,176.4199982,178.1900024,175.3300018,177.1600037,25308900,0,0
2023-02-16 0:00,META,172.75,175.8500061,171.7899933,172.4400024,25827500,0,0
2023-02-17 0:00,META,170.2200012,173.1799927,169.6999969,172.8800049,24171300,0,0
2023-02-21 0:00,META,174.3099976,178.1699982,171.8800049,172.0800018,34592600,0,0
2023-02-22 0:00,META,171.0700073,172.7599945,169.6900024,171.1199951,22433200,0,0
2023-02-23 0:00,META,172,173.6900024,169.3800049,172.0399933,20017800,0,0
2023-02-24 0:00,META,168.6399994,170.7200012,167.6600037,170.3899994,19791300,0,0
2023-02-27 0:00,META,171.8800049,173.1199951,169.0599976,169.5399933,19277000,0,0
2023-02-28 0:00,META,171.8999939,177.5500031,171.8699951,174.9400024,46051100,0,0
2023-03-01 0:00,META,174.5899963,177.8500061,173.0500031,173.4199982,30998400,0,0
2023-03-02 0:00,META,172.3800049,175.0099945,171.4299927,174.5299988,17352000,0,0
2023-03-03 0:00,META,178.9199982,186.6199951,177.0500031,185.25,45877700,0,0
2023-03-06 0:00,META,188,189.6600037,184.6399994,184.8999939,33209400,0,0
2023-03-07 0:00,META,189,190.3600006,184.0099945,184.5099945,36701500,0,0
2023-03-08 0:00,META,182.8699951,185.2599945,181.3399963,184.9700012,19432400,0,0
2023-03-09 0:00,META,186.3500061,188.9299927,180.3000031,181.6900024,26582800,0,0
2023-03-10 0:00,META,181.0099945,184.7700043,178.8000031,179.5099945,25665000,0,0
2023-03-13 0:00,META,177.9600067,183.7799988,174.8200073,180.8999939,24728000,0,0
2023-03-14 0:00,META,187.5800018,194.3200073,186.5599976,194.0200043,41642600,0,0
2023-03-15 0:00,META,192.9499969,197.7799988,190.8399963,197.75,42123600,0,0
2023-03-16 0:00,META,198.2599945,205.7599945,196.0899963,204.9299927,50447100,0,0
2023-03-17 0:00,META,200.5599976,201.8999939,195.4299927,195.6100006,50141100,0,0
2023-03-20 0:00,META,198.4799957,199.3600006,193.6399994,197.8099976,25186300,0,0
2023-03-21 0:00,META,203.1999969,203.5500031,197.9499969,202.1600037,31827000,0,0
2023-03-22 0:00,META,202.5,207.3699951,199.6699982,199.8099976,28477800,0,0
2023-03-23 0:00,META,202.8399963,207.8800049,202.1499939,204.2799988,27389700,0,0
2023-03-24 0:00,META,205.1799927,207.5800018,203.5500031,206.0099945,27716400,0,0
2023-03-27 0:00,META,204.8099976,205.8600006,201.3600006,202.8399963,18527200,0,0
2023-03-28 0:00,META,200.1499939,201.0299988,197.8999939,200.6799927,19127300,0,0
2023-03-29 0:00,META,203.5599976,205.7200012,202.5399933,205.3500061,18851100,0,0
2023-03-30 0:00,META,203.3800049,208.0899963,202.8200073,207.8399963,22608300,0,0
2023-03-31 0:00,META,207.2400055,212.1699982,206.7700043,211.9400024,25440300,0,0
2023-04-03 0:00,META,208.8399963,213.4900055,208.1999969,213.0700073,17924600,0,0
2023-04-04 0:00,META,213.3899994,216.2400055,212.5399933,214.7200012,21026400,0,0
2023-04-05 0:00,META,214.1499939,215.1900024,209.9400024,211.4799957,19396600,0,0
2023-04-06 0:00,META,209.25,216.9400024,208.6499939,216.1000061,26104400,0,0
2023-04-10 0:00,META,214.7100067,215.6600037,210.6600037,214.75,16106100,0,0
2023-04-11 0:00,META,215.4799957,216.0200043,213.4100037,213.8500061,16710100,0,0
2023-04-12 0:00,META,214.8399963,216.8399963,212.5800018,214,18972200,0,0
2023-04-13 0:00,META,215.7299957,221.1499939,215.6900024,220.3500061,23310400,0,0
2023-04-14 0:00,META,217.8800049,222.1100006,217.5500031,221.4900055,21591200,0,0
2023-04-17 0:00,META,219.7899933,220.9799957,217.1300049,218.8600006,15481900,0,0
2023-04-18 0:00,META,219.9100037,220.4400024,216.2100067,217.8899994,12281000,0,0
2023-04-19 0:00,META,213.4700012,217.3300018,212.9299927,215.6999969,15898100,0,0
2023-04-20 0:00,META,213.4799957,216.75,212.7700043,213.0700073,16475400,0,0
2023-04-21 0:00,META,210.2100067,213.4100037,209.5800018,212.8899994,17717200,0,0
2023-04-24 0:00,META,213.6799927,213.9199982,210.7100067,212.7899933,15750900,0,0
2023-04-25 0:00,META,210.8200073,211.2599945,207.1300049,207.5500031,19198200,0,0
2023-04-26 0:00,META,212.5,214.1100006,208.8800049,209.3999939,41992700,0,0
2023-04-27 0:00,META,239.8899994,241.6900024,236.7700043,238.5599976,71196500,0,0
2023-04-28 0:00,META,239.0099945,240.4299927,235.75,240.3200073,39554000,0,0
2023-05-01 0:00,META,238.6199951,244,236.4600067,243.1799927,29143900,0,0
2023-05-02 0:00,META,243.1799927,244.9199982,238.9900055,239.2400055,24350100,0,0
2023-05-03 0:00,META,239.4700012,241.75,232.75,237.0299988,34463900,0,0
2023-05-04 0:00,META,236.0599976,238.1999969,232.9299927,233.5200043,17889400,0,0
2023-05-05 0:00,META,232.2400055,234.6799927,229.8500061,232.7799988,26978900,0,0
2023-05-08 0:00,META,231.4199982,235.6199951,230.2700043,233.2700043,16400500,0,0
2023-05-09 0:00,META,231.4600067,235.8800049,231.0800018,233.3699951,16865600,0,0
2023-05-10 0:00,META,236.1699982,236.75,230.7200012,233.0800018,19119000,0,0
2023-05-11 0:00,META,233.0500031,238.2100067,232.3000031,235.7899933,20449000,0,0
2023-05-12 0:00,META,236.7400055,236.9600067,231.4499969,233.8099976,16155300,0,0
2023-05-15 0:00,META,236.9199982,240.2599945,235.3300018,238.8600006,20653200,0,0
2023-05-16 0:00,META,235.7899933,239.6399994,235.5200043,238.8200073,18163800,0,0
2023-05-17 0:00,META,238.4499969,243.8399963,238.1399994,242.4900055,21193100,0,0
2023-05-18 0:00,META,241.3000031,247.0899963,241.1900024,246.8500061,22943300,0,0
2023-05-19 0:00,META,247.4700012,248.6900024,243.4100037,245.6399994,21599800,0,0
2023-05-22 0:00,META,245.4100037,253.5700073,245.1199951,248.3200073,27738500,0,0
2023-05-23 0:00,META,246.8099976,251.6100006,246.6499939,246.7400055,17748100,0,0
2023-05-24 0:00,META,245.2799988,249.5899963,244.9499969,249.2100067,17724300,0,0
2023-05-25 0:00,META,253.3999939,255.6199951,249.1699982,252.6900024,22371400,0,0
2023-05-26 0:00,META,252.9299927,262.3099976,252.7100067,262.0400085,25727200,0,0
2023-05-30 0:00,META,265.25,268.6499939,261.2900085,262.519989,23816500,0,0
2023-05-31 0:00,META,260,265,258.4500122,264.7200012,25473700,0,0
2023-06-01 0:00,META,265.8999939,274,265.8900146,272.6099854,25609500,0,0
2023-06-02 0:00,META,272.6600037,275.3500061,271.1199951,272.6099854,19405300,0,0
2023-06-05 0:00,META,270.2999878,275.5700073,269.5599976,271.3900146,20742900,0,0
2023-06-06 0:00,META,270.1400146,276.5700073,269.6900024,271.1199951,19419000,0,0
2023-06-07 0:00,META,271.6700134,274.25,262.7999878,263.6000061,26163600,0,0
2023-06-08 0:00,META,260.6199951,267.6499939,258.8800049,264.5799866,20899400,0,0
2023-06-09 0:00,META,262.480011,267.9500122,261.7000122,264.9500122,16938500,0,0
2023-06-12 0:00,META,267.1700134,271.75,265.3299866,271.0499878,15442500,0,0
2023-06-13 0:00,META,274.8800049,275.7200012,269.0899963,271.3200073,16164000,0,0
2023-06-14 0:00,META,271.8900146,274.9899902,268.3200073,273.3500061,19175100,0,0
2023-06-15 0:00,META,272.2999878,283.9899902,271.4200134,281.8299866,25973500,0,0
2023-06-16 0:00,META,284.75,287.8500061,280.1300049,281,43102500,0,0
2023-06-20 0:00,META,278.730011,284.7999878,276.2200012,284.3299866,20701600,0,0
2023-06-21 0:00,META,283.5299988,284,278.3599854,281.6400146,20556200,0,0
2023-06-22 0:00,META,279.0799866,285.2600098,277.7900085,284.8800049,17563100,0,0
2023-06-23 0:00,META,281.5100098,289.6700134,278.9500122,288.730011,50988400,0,0
2023-06-26 0:00,META,288.7000122,289.7900085,277.6000061,278.4700012,24232700,0,0
2023-06-27 0:00,META,282.0100098,289.3500061,280.6499939,287.0499878,26108300,0,0
2023-06-28 0:00,META,284.8200073,289.5499878,284.0599976,285.2900085,16722100,0,0
2023-06-29 0:00,META,284.5,286.5700073,280.6900024,281.5299988,15395700,0,0
2023-06-30 0:00,META,284.7600098,289.0499878,284.4200134,286.980011,19676000,0,0
2023-07-03 0:00,META,286.7000122,289.3999939,284.8500061,286.019989,8629300,0,0
2023-07-05 0:00,META,287.6499939,298.1199951,286.3599854,294.3699951,33865500,0,0
2023-07-06 0:00,META,295.8900146,298.1199951,291.3099976,291.9899902,47600500,0,0
2023-07-07 0:00,META,292.1799927,296.2000122,288.6600037,290.5299988,25546200,0,0
2023-07-10 0:00,META,295.5499878,298.1300049,287.0499878,294.1000061,37058300,0,0
2023-07-11 0:00,META,293.8999939,300.1799927,291.8999939,298.2900085,27585900,0,0
2023-07-12 0:00,META,301.75,309.4500122,300.1000061,309.3399963,36677100,0,0
2023-07-13 0:00,META,313.6199951,316.2399902,310.2900085,313.4100037,30281000,0,0
2023-07-14 0:00,META,311.7900085,314.8800049,307.3599854,308.8699951,22576000,0,0
2023-07-17 0:00,META,307.5400085,311.7099915,304.7099915,310.6199951,25323100,0,0
2023-07-18 0:00,META,310.8800049,314.2000122,307.6199951,312.0499878,20764600,0,0
2023-07-19 0:00,META,313.0299988,318.6799927,310.519989,316.0100098,21763700,0,0
2023-07-20 0:00,META,313.5,315.5400085,302.2200012,302.519989,23836900,0,0
2023-07-21 0:00,META,304.5700073,305.4599915,291.2000122,294.2600098,42089700,0,0
2023-07-24 0:00,META,295.7799988,297.519989,288.2999878,291.6099854,24915700,0,0
2023-07-25 0:00,META,295.1900024,298.2999878,291.8599854,294.4700012,19585600,0,0
2023-07-26 0:00,META,301.1900024,301.769989,291.8999939,298.5700073,47256900,0,0
2023-07-27 0:00,META,325.1199951,325.3500061,309.8399963,311.7099915,64229200,0,0
2023-07-28 0:00,META,316.8800049,326.2000122,314.25,325.480011,39220300,0,0
2023-07-31 0:00,META,323.6900024,325.6600037,317.5899963,318.6000061,25799600,0,0
2023-08-01 0:00,META,317.5400085,324.1400146,314.6600037,322.7099915,22817900,0,0
2023-08-02 0:00,META,318,318.3900146,310.6499939,314.3099976,20461100,0,0
2023-08-03 0:00,META,309.9299927,315.9500122,309.9299927,313.1900024,15180200,0,0
2023-08-04 0:00,META,314.9599915,318.4100037,310.2000122,310.730011,17600200,0,0
2023-08-07 0:00,META,313.230011,317.0700073,310.4599915,316.5599976,16236500,0,0
2023-08-08 0:00,META,314.3999939,317.8900146,310.1099854,312.6400146,15183500,0,0
2023-08-09 0:00,META,312.8800049,313.6300049,302.8500061,305.2099915,19955800,0,0
2023-08-10 0:00,META,307.9400024,312.3399963,303.8699951,305.7399902,14358900,0,0
2023-08-11 0:00,META,302.5700073,304.7200012,300.3599854,301.6400146,13967800,0,0
2023-08-14 0:00,META,300.980011,306.2099915,298.25,306.1900024,15641900,0,0
2023-08-15 0:00,META,306.1400146,307.230011,300.0299988,301.9500122,11623600,0,0
2023-08-16 0:00,META,300.2000122,301.0799866,294.2799988,294.2900085,18547700,0,0
2023-08-17 0:00,META,293.0499878,296.0499878,284.9500122,285.0899963,23950100,0,0
2023-08-18 0:00,META,279.0299988,285.6900024,274.3800049,283.25,34061200,0,0
2023-08-21 0:00,META,283.4500122,290.5,281.8500061,289.8999939,20181500,0,0
2023-08-22 0:00,META,292.5499878,292.8999939,286.75,287.6000061,12999900,0,0
2023-08-23 0:00,META,288.5,297.3999939,287.6700134,294.2399902,18287000,0,0
2023-08-24 0:00,META,298.5,299.4599915,286.6400146,286.75,18360900,0,0
2023-08-25 0:00,META,286.1300049,288.3900146,276.0299988,285.5,23701400,0,0
2023-08-28 0:00,META,288,291.4500122,285.7999878,290.2600098,14239300,0,0
2023-08-29 0:00,META,288.5799866,299.1499939,288.1799927,297.9899902,20844500,0,0
2023-08-30 0:00,META,297.1700134,298.2900085,293.4299927,295.1000061,17717000,0,0
2023-08-31 0:00,META,295.7999878,301.1000061,295.6600037,295.8900146,17229900,0,0
2023-09-01 0:00,META,299.3699951,301.7399902,294.4700012,296.3800049,12819800,0,0
2023-09-05 0:00,META,297.019989,301.3900146,295.5100098,300.1499939,14956000,0,0
2023-09-06 0:00,META,301.7099915,303.2999878,295.6600037,299.1700134,15418100,0,0
2023-09-07 0:00,META,298,307.0499878,292.2200012,298.6700134,33748700,0,0
2023-09-08 0:00,META,299.2200012,305.25,296.7799988,297.8900146,17548000,0,0
2023-09-11 0:00,META,301.4100037,309.0400085,301.2799988,307.5599976,19489300,0,0
2023-09-12 0:00,META,306.3299866,308.6600037,300.230011,301.6600037,13480400,0,0
2023-09-13 0:00,META,302.3599854,307.1799927,301.3200073,305.0599976,13210900,0,0
2023-09-14 0:00,META,306.7399902,312.8699951,305.0299988,311.7200012,19343100,0,0
2023-09-15 0:00,META,311.6099854,312,298.75,300.3099976,28106400,0,0
2023-09-18 0:00,META,298.1900024,303.6000061,297.7999878,302.5499878,14234200,0,0
2023-09-19 0:00,META,302.480011,306.1700134,299.8099976,305.0700073,15924400,0,0
2023-09-20 0:00,META,305.0499878,308.0599976,299.4299927,299.6700134,19379500,0,0
2023-09-21 0:00,META,295.7000122,300.2600098,293.269989,295.730011,21300500,0,0
2023-09-22 0:00,META,299.2999878,305.3500061,298.2799988,299.0799866,24416005,0,0
2023-01-03 0:00,MSFT,241.4326093,244.0845124,235.7910957,237.9563293,25740000,0,0
2023-01-04 0:00,MSFT,230.7058047,231.2918026,224.4286441,227.5473633,50623400,0,0
2023-01-05 0:00,MSFT,225.6602189,226.007853,220.2570844,220.80336,39585600,0,0
2023-01-06 0:00,MSFT,221.4886963,224.2299859,217.8634389,223.4056091,43613600,0,0
2023-01-09 0:00,MSFT,224.9153073,229.6728531,224.875585,225.5807648,27369800,0,0
2023-01-10 0:00,MSFT,226.2164174,229.7423613,225.7893389,227.2990417,27033900,0,0
2023-01-11 0:00,MSFT,229.7225005,234.3509225,229.5437277,234.1721497,28669300,0,0
2023-01-12 0:00,MSFT,233.6655958,238.2741491,231.97712,236.8935699,27269500,0,0
2023-01-13 0:00,MSFT,235.3938209,237.7477542,233.3279155,237.6087036,21333300,0,0
2023-01-17 0:00,MSFT,236.3572399,239.2773175,235.483199,238.7211151,29831300,0,0
2023-01-18 0:00,MSFT,239.9328414,240.7373494,233.9238403,234.2118683,30028700,0,0
2023-01-19 0:00,MSFT,232.1956379,233.9238511,229.116641,230.3581696,28623000,0,0
2023-01-20 0:00,MSFT,233.2683201,239.1084754,232.9206861,238.5919952,35389800,0,0
2023-01-23 0:00,MSFT,239.4660239,243.5084328,238.0258387,240.9359894,31934000,0,0
2023-01-24 0:00,MSFT,240.8565474,242.2967175,238.8105107,240.3996582,40234400,0,0
2023-01-25 0:00,MSFT,232.890879,241.6511114,229.3351395,238.9793396,66526600,0,0
2023-01-26 0:00,MSFT,241.9987343,246.6271563,240.3599227,246.3192596,33454500,0,0
2023-01-27 0:00,MSFT,247.3025567,248.1368602,245.1571918,246.4781799,26498900,0,0
2023-01-30 0:00,MSFT,242.8529135,243.9355379,240.5585712,241.0651245,25867400,0,0
2023-01-31 0:00,MSFT,241.8001019,246.2696048,241.3034905,246.1305542,26541100,0,0
2023-02-01 0:00,MSFT,246.3192553,253.4505877,243.8064028,251.0370636,31259900,0,0
2023-02-02 0:00,MSFT,257.0659062,262.8961186,255.5065393,262.8067322,39940400,0,0
2023-02-03 0:00,MSFT,257.7810587,262.4094806,255.3575926,256.5991211,29077300,0,0
2023-02-06 0:00,MSFT,255.695273,256.54943,253.0532968,255.0298004,22518000,0,0
2023-02-07 0:00,MSFT,258.7643487,266.9484953,258.3173862,265.7467041,50841400,0,0
2023-02-08 0:00,MSFT,271.3484856,274.8843564,264.4058375,264.9223328,54686000,0,0
2023-02-09 0:00,MSFT,271.9444059,272.1232091,261.0189545,261.8334045,42375100,0,0
2023-02-10 0:00,MSFT,259.757558,262.3002059,258.893459,261.316925,25818500,0,0
2023-02-13 0:00,MSFT,265.8261488,272.7389705,265.339449,269.4812012,44630900,0,0
2023-02-14 0:00,MSFT,270.822112,273.1065126,267.4550716,270.3255005,37047900,0,0
2023-02-15 0:00,MSFT,267.1690843,269.5687506,265.0382489,268.1647949,28922400,0.68,0
2023-02-16 0:00,MSFT,262.8874865,265.5958204,260.7765851,261.0255127,29603600,0,0
2023-02-17 0:00,MSFT,258.277376,258.9743552,254.9019026,256.953064,30000100,0,0
2023-02-21 0:00,MSFT,253.3884153,254.3940927,250.5108124,251.5861816,28397400,0,0
2023-02-22 0:00,MSFT,253.0001028,253.2490304,249.266188,250.4311676,22491100,0,0
2023-02-23 0:00,MSFT,254.4637897,255.738298,249.4055782,253.6771851,29219100,0,0
2023-02-24 0:00,MSFT,248.887817,249.9233493,247.0357948,248.1509857,24990900,0,0
2023-02-27 0:00,MSFT,251.3770972,251.7355536,248.3202584,249.0869598,21190000,0,0
2023-02-28 0:00,MSFT,248.0016386,250.4112563,247.6630855,248.3501282,22491000,0,0
2023-03-01 0:00,MSFT,249.6843689,249.8536379,244.7356863,245.2136383,27565300,0,0
2023-03-02 0:00,MSFT,245.4924449,250.3216321,244.5564745,250.0328827,24808200,0,0
2023-03-03 0:00,MSFT,251.1082526,254.5235326,250.3116811,254.1949463,30760100,0,0
2023-03-06 0:00,MSFT,255.3300581,259.0042326,254.8819914,255.7681732,24109800,0,0
2023-03-07 0:00,MSFT,255.2006013,256.5846536,252.3030952,253.0598297,21473200,0,0
2023-03-08 0:00,MSFT,252.9502933,253.4481486,249.7341526,252.6117554,17340200,0,0
2023-03-09 0:00,MSFT,254.7226885,258.4466363,250.5008701,251.2377014,26653400,0,0
2023-03-10 0:00,MSFT,250.0030064,251.7056629,246.5379379,247.5236816,28333900,0,0
2023-03-13 0:00,MSFT,246.3387886,256.8037164,244.6759538,252.8308258,33339700,0,0
2023-03-14 0:00,MSFT,255.6486772,259.9501539,254.7624954,259.6713562,33620300,0,0
2023-03-15 0:00,MSFT,258.8648209,265.336939,258.0981044,264.3013916,46028000,0,0
2023-03-16 0:00,MSFT,264.0724088,275.3737305,262.1506945,275.0152893,54768800,0,0
2023-03-17 0:00,MSFT,277.0664504,282.1146802,275.1347693,278.2314148,69527400,0,0
2023-03-20 0:00,MSFT,275.7919114,276.2897666,268.6924905,271.0622864,43466600,0,0
2023-03-21 0:00,MSFT,273.700909,273.8203894,268.3638849,272.6056213,34558700,0,0
2023-03-22 0:00,MSFT,272.2272639,279.8345073,271.0124958,271.1220398,34873300,0,0
2023-03-23 0:00,MSFT,276.7477919,279.8544039,274.0195547,276.4689941,36610900,0,0
2023-03-24 0:00,MSFT,276.050783,279.4262563,274.0991988,279.3665161,28172000,0,0
2023-03-27 0:00,MSFT,279.2968112,280.2526848,274.3381616,275.1944885,26840200,0,0
2023-03-28 0:00,MSFT,274.607034,274.9555388,270.8830557,274.0494385,21878600,0,0
2023-03-29 0:00,MSFT,277.7633932,279.9340652,277.2157646,279.3067627,25087000,0,0
2023-03-30 0:00,MSFT,283.0108245,283.2398185,280.2726204,282.8315735,25053400,0,0
2023-03-31 0:00,MSFT,282.5129801,288.029195,281.7861005,287.0633545,32766000,0,0
2023-04-03 0:00,MSFT,285.2909789,287.0334724,282.7320259,285.9979553,24883300,0,0
2023-04-04 0:00,MSFT,285.9979544,289.2041436,284.4446484,285.9481506,25824300,0,0
2023-04-05 0:00,MSFT,284.6238634,285.918275,281.7064389,283.1203308,22064800,0,0
2023-04-06 0:00,MSFT,281.9951566,290.8271037,280.8202255,290.3491821,29770300,0,0
2023-04-10 0:00,MSFT,287.9694307,288.3577723,283.4887333,288.1486816,23103000,0,0
2023-04-11 0:00,MSFT,284.5243097,284.7533341,280.4319536,281.6168213,27276600,0,0
2023-04-12 0:00,MSFT,283.5684288,285.7789076,280.7505508,282.2739868,27403400,0,0
2023-04-13 0:00,MSFT,282.3735498,288.6564809,281.9553684,288.5967407,24222700,0,0
2023-04-14 0:00,MSFT,285.7689247,287.2425872,282.4731252,284.9126282,20987900,0,0
2023-04-17 0:00,MSFT,288.6863455,290.3491954,284.9325278,287.5611877,23836200,0,0
2023-04-18 0:00,MSFT,290.3193427,290.5085301,285.7789048,287.1330566,20161800,0,0
2023-04-19 0:00,MSFT,284.7632378,287.8101095,283.3194758,287.2127075,17150300,0,0
2023-04-20 0:00,MSFT,284.0264245,287.790209,283.8571403,284.8827209,23244400,0,0
2023-04-21 0:00,MSFT,283.7874883,285.042063,281.8458405,284.5342712,21676400,0,0
2023-04-24 0:00,MSFT,280.8800055,283.7277537,277.5244656,280.5613708,26611000,0,0
2023-04-25 0:00,MSFT,278.3111005,280.3921321,274.1888437,274.2386475,45772200,0,0
2023-04-26 0:00,MSFT,295.4273394,298.2850239,291.4743672,294.1030273,64599200,0,0
2023-04-27 0:00,MSFT,294.7004496,303.8908688,293.9835368,303.5224304,46462600,0,0
2023-04-28 0:00,MSFT,302.7059877,307.6048668,302.0089781,305.9420471,36446700,0,0
2023-05-01 0:00,MSFT,305.6532842,307.2762973,303.8410836,304.2493286,21294100,0,0
2023-05-02 0:00,MSFT,306.4398708,307.8537627,302.6063793,304.0999451,26404400,0,0
2023-05-03 0:00,MSFT,305.3047781,307.2862324,302.7856315,303.0942993,22360800,0,0
2023-05-04 0:00,MSFT,304.9263714,306.4398708,302.0985573,304.0999451,22519900,0,0
2023-05-05 0:00,MSFT,304.4086587,310.6318502,302.9648661,309.3175049,28181200,0,0
2023-05-08 0:00,MSFT,308.7997123,308.8694194,304.7770333,307.3260498,21318600,0,0
2023-05-09 0:00,MSFT,306.6788465,308.7101045,304.9960933,305.683136,21340800,0,0
2023-05-10 0:00,MSFT,307.296193,311.6574102,306.3502862,310.9703674,30078000,0,0
2023-05-11 0:00,MSFT,308.7698487,309.7854625,304.9463238,308.7797852,31680200,0,0
2023-05-12 0:00,MSFT,309.2179238,309.3175009,305.284885,307.6447144,19758100,0,0
2023-05-15 0:00,MSFT,307.7741576,308.570714,306.2706249,308.1325989,16336500,0,0
2023-05-16 0:00,MSFT,308.5009907,312.3643525,308.5009907,310.4028015,26730300,0,0
2023-05-17 0:00,MSFT,311.6302301,313.7656931,310.0834866,313.3366089,24315000,0.68,0
2023-05-18 0:00,MSFT,313.8654854,318.3659668,313.0571991,317.8470459,27276000,0,0
2023-05-19 0:00,MSFT,316.0707938,318.0765569,315.7015804,317.6674194,27529500,0,0
2023-05-22 0:00,MSFT,317.9268985,321.9084591,317.3381487,320.5014343,24115700,0,0
2023-05-23 0:00,MSFT,319.3538442,322.0381632,314.5839445,314.5939331,30797200,0,0
2023-05-24 0:00,MSFT,314.0650658,315.8313153,311.9495193,313.1869202,23384900,0,0
2023-05-25 0:00,MSFT,322.5570539,326.2093248,319.3239091,325.2314148,43301700,0,0
2023-05-26 0:00,MSFT,323.3354209,332.6956083,323.1957325,332.1867065,36630600,0,0
2023-05-30 0:00,MSFT,334.5217496,335.0306514,329.8216788,330.5102234,29503100,0,0
2023-05-31 0:00,MSFT,331.5879516,335.2302338,326.638409,327.6961975,45950600,0,0
2023-06-01 0:00,MSFT,325.2413754,332.8253244,324.0339404,331.8773193,26773900,0,0
2023-06-02 0:00,MSFT,333.5438115,336.786945,331.847391,334.6913757,25864000,0,0
2023-06-05 0:00,MSFT,334.5117751,337.8447149,333.9529606,335.2302551,21307100,0,0
2023-06-06 0:00,MSFT,334.621514,334.661438,331.4682171,332.9750061,20396200,0,0
2023-06-07 0:00,MSFT,330.9492938,333.7832899,321.8186317,322.6967773,40717100,0,0
2023-06-08 0:00,MSFT,323.2555965,325.9499042,322.6668466,324.5728149,23277700,0,0
2023-06-09 0:00,MSFT,324.3033636,329.2927997,323.7246024,326.0995789,22514900,0,0
2023-06-12 0:00,MSFT,327.8857844,331.3983671,324.473027,331.1488953,24260300,0,0
2023-06-13 0:00,MSFT,333.7633526,336.2680594,329.691986,333.5837402,22951300,0,0
2023-06-14 0:00,MSFT,333.633627,338.3237094,332.1068607,336.6272888,26003800,0,0
2023-06-15 0:00,MSFT,336.7670051,349.1008771,336.4875979,347.364563,38899100,0,0
2023-06-16 0:00,MSFT,350.5777468,350.7274238,341.2275484,341.60672,46533600,0,0
2023-06-20 0:00,MSFT,338.5931326,341.3572695,335.1504093,337.3357849,26375400,0,0
2023-06-21 0:00,MSFT,335.6593157,337.0164582,331.3684129,332.8552551,25117800,0,0
2023-06-22 0:00,MSFT,333.4140928,339.4014165,332.635742,338.9922791,23556800,0,0
2023-06-23 0:00,MSFT,333.6535551,337.2459552,332.7455045,334.3121643,23084700,0,0
2023-06-26 0:00,MSFT,333.0149396,335.3998744,327.7959783,327.9057617,21520600,0,0
2023-06-27 0:00,MSFT,331.1588627,335.4398077,328.6042737,333.8631592,24354100,0,0
2023-06-28 0:00,MSFT,333.9529536,337.2659466,333.1047434,335.1404419,20259500,0,0
2023-06-29 0:00,MSFT,334.002824,335.3998601,331.9172434,334.3421021,16997000,0,0
2023-06-30 0:00,MSFT,337.0364122,342.0059016,336.4875864,339.8205261,26823800,0,0
2023-07-03 0:00,MSFT,338.4733863,340.179765,335.8589266,337.2759094,12508700,0,0
2023-07-05 0:00,MSFT,334.3820448,340.9281829,334.02282,337.4355774,18172400,0,0
2023-07-06 0:00,MSFT,336.587367,342.2653481,334.7911821,340.5489807,28161200,0,0
2023-07-07 0:00,MSFT,338.6031071,341.0678899,336.2880014,336.5075378,21185300,0,0
2023-07-10 0:00,MSFT,333.8930734,334.5217472,326.8978741,331.1289063,32791400,0,0
2023-07-11 0:00,MSFT,330.3605534,332.1567383,326.3091336,331.7675781,26698200,0,0
2023-07-12 0:00,MSFT,335.8888409,340.9281592,334.9608131,336.4875793,29995300,0,0
2023-07-13 0:00,MSFT,338.8425787,343.0137399,338.3037111,341.9360352,20567200,0,0
2023-07-14 0:00,MSFT,346.8556308,350.6875142,343.5825618,344.5105896,28302200,0,0
2023-07-17 0:00,MSFT,344.9496601,346.25689,341.477032,344.9995728,20363900,0,0
2023-07-18 0:00,MSFT,345.0993256,366.0050751,341.4470852,358.7304688,64872700,0,0
2023-07-19 0:00,MSFT,360.9857251,361.6942165,351.6953969,354.3298035,39732900,0,0
2023-07-20 0:00,MSFT,352.8230028,357.2137006,344.6403151,346.137146,33778400,0,0
2023-07-21 0:00,MSFT,348.4123396,349.5599039,339.1120228,343.0437012,69368900,0,0
2023-07-24 0:00,MSFT,345.1193167,346.1870633,341.5867872,344.3808594,26678100,0,0
2023-07-25 0:00,MSFT,346.3766153,351.1465454,344.3409473,350.2384644,41637700,0,0
2023-07-26 0:00,MSFT,340.7186256,343.9418124,332.4062077,337.056366,58383700,0,0
2023-07-27 0:00,MSFT,339.76066,340.6088398,328.3547857,330.0212708,39635300,0,0
2023-07-28 0:00,MSFT,332.9650387,339.29164,332.4660951,337.6550903,28484900,0,0
2023-07-31 0:00,MSFT,336.2081839,336.9865347,332.6556773,335.2102966,25446000,0,0
2023-08-01 0:00,MSFT,334.4818303,337.8247587,332.994988,335.6293945,18311900,0,0
2023-08-02 0:00,MSFT,332.9251287,332.9251287,325.6704689,326.808075,27761300,0,0
2023-08-03 0:00,MSFT,325.3112394,329.1830468,325.2613572,325.9698486,18253700,0,0
2023-08-04 0:00,MSFT,331.1788379,334.4319602,326.5486262,327.0874939,23727700,0,0
2023-08-07 0:00,MSFT,327.6762226,330.4104238,326.8280124,329.4125366,17741500,0,0
2023-08-08 0:00,MSFT,326.2691955,328.0554222,322.3175707,325.3611145,22327600,0,0
2023-08-09 0:00,MSFT,325.7802571,326.4188891,320.3716947,321.5492249,22373300,0,0
2023-08-10 0:00,MSFT,325.331179,327.5664671,320.5014086,322.2477112,20113700,0,0
2023-08-11 0:00,MSFT,319.5833717,321.7288231,318.5355718,320.3317871,24342600,0,0
2023-08-14 0:00,MSFT,320.7110125,323.3753545,319.4037521,323.3554077,18836100,0,0
2023-08-15 0:00,MSFT,322.3175682,324.4031488,320.221999,321.1799622,16966300,0,0
2023-08-16 0:00,MSFT,320.7999878,324.4200134,319.7999878,320.3999939,20698900,0.68,0
2023-08-17 0:00,MSFT,320.5400085,321.8699951,316.2099915,316.8800049,21257200,0,0
2023-08-18 0:00,MSFT,314.4899902,318.3800049,311.5499878,316.480011,24744800,0,0
2023-08-21 0:00,MSFT,317.9299927,322.769989,317.0400085,321.8800049,24040000,0,0
2023-08-22 0:00,MSFT,325.5,326.0799866,321.4599915,322.4599915,16102000,0,0
2023-08-23 0:00,MSFT,323.8200073,329.2000122,323.4599915,327,21166400,0,0
2023-08-24 0:00,MSFT,332.8500061,332.980011,319.9599915,319.9700012,23281400,0,0
2023-08-25 0:00,MSFT,321.4700012,325.3599854,318.7999878,322.980011,21684100,0,0
2023-08-28 0:00,MSFT,325.6600037,326.1499939,321.7200012,323.7000122,14808500,0,0
2023-08-29 0:00,MSFT,321.8800049,328.980011,321.8800049,328.4100037,19284600,0,0
2023-08-30 0:00,MSFT,328.6700134,329.8099976,326.4500122,328.7900085,15222100,0,0
2023-08-31 0:00,MSFT,329.2000122,330.9100037,326.7799988,327.7600098,26411000,0,0
2023-09-01 0:00,MSFT,331.3099976,331.9899902,326.7799988,328.6600037,14931200,0,0
2023-09-05 0:00,MSFT,329,334.8500061,328.6600037,333.5499878,18553900,0,0
2023-09-06 0:00,MSFT,333.3800049,334.4599915,330.1799927,332.8800049,17535800,0,0
2023-09-07 0:00,MSFT,331.2900085,333.0799866,329.0299988,329.9100037,18381000,0,0
2023-09-08 0:00,MSFT,330.0899963,336.1600037,329.4599915,334.269989,19530100,0,0
2023-09-11 0:00,MSFT,337.2399902,338.4200134,335.4299927,337.9400024,16583300,0,0
2023-09-12 0:00,MSFT,335.8200073,336.7900085,331.480011,331.769989,17565500,0,0
2023-09-13 0:00,MSFT,331.3099976,336.8500061,331.1700134,336.0599976,16544400,0,0
2023-09-14 0:00,MSFT,339.1499939,340.8599854,336.5700073,338.7000122,20267000,0,0
2023-09-15 0:00,MSFT,336.9200134,337.3999939,329.6499939,330.2200012,37666900,0,0
2023-09-18 0:00,MSFT,327.7999878,330.3999939,326.3599854,329.0599976,16834200,0,0
2023-09-19 0:00,MSFT,326.1700134,329.3900146,324.5100098,328.6499939,16505900,0,0
2023-09-20 0:00,MSFT,329.5100098,329.5899963,320.5100098,320.769989,21436500,0,0
2023-09-21 0:00,MSFT,319.2600098,325.3500061,315,319.5299988,35529500,0,0
2023-09-22 0:00,MSFT,321.3200073,321.4200134,316.1499939,317.0100098,21103284,0,0
2023-01-03 0:00,NVDA,148.4571852,149.9066818,140.9098821,143.0990906,40127700,0,0
2023-01-04 0:00,NVDA,145.6182009,148.4771845,142.3593655,147.437561,43132400,0,0
2023-01-05 0:00,NVDA,144.8584644,145.5882005,141.4296764,142.5992584,38916800,0,0
2023-01-06 0:00,NVDA,144.6885334,150.0466279,140.290089,148.5371552,40504400,0,0
2023-01-09 0:00,NVDA,152.7856322,160.5028874,151.3561481,156.224411,50423100,0,0
2023-01-10 0:00,NVDA,155.0148574,159.563227,154.6649758,159.0334167,38410100,0,0
2023-01-11 0:00,NVDA,158.3436513,160.2229875,155.5746476,159.9530792,35328500,0,0
2023-01-12 0:00,NVDA,160.9427606,166.3108466,154.8649204,165.0513,55140900,0,0
2023-01-13 0:00,NVDA,162.7221031,169.159815,161.5925001,168.9299011,44728700,0,0
2023-01-17 0:00,NVDA,168.9299182,177.2169638,168.9299182,176.9570618,51110200,0,0
2023-01-18 0:00,NVDA,176.6071687,178.6664337,172.7585471,173.7082062,43962400,0,0
2023-01-19 0:00,NVDA,170.2994053,171.9088333,167.2504871,167.5903625,45293200,0,0
2023-01-20 0:00,NVDA,170.049514,178.4965063,168.1901747,178.3265686,56496700,0,0
2023-01-23 0:00,NVDA,180.5757617,192.3815595,178.1166298,191.8617401,65516300,0,0
2023-01-24 0:00,NVDA,188.20305,194.880667,188.1330675,192.5814819,49620400,0,0
2023-01-25 0:00,NVDA,189.0627525,193.6311195,185.7339347,193.1612854,44953700,0,0
2023-01-26 0:00,NVDA,196.9399344,201.5882899,192.7114429,197.949585,48953500,0,0
2023-01-27 0:00,NVDA,194.550788,206.2066453,193.9809986,203.5775757,54214200,0,0
2023-01-30 0:00,NVDA,199.4290519,201.3283701,191.4318969,191.5518494,48861100,0,0
2023-01-31 0:00,NVDA,191.6318138,196.7999731,189.4325993,195.3005066,49801700,0,0
2023-02-01 0:00,NVDA,196.8399779,211.8446345,196.0402594,209.3555145,66047700,0,0
2023-02-02 0:00,NVDA,209.9253121,219.4119424,206.9263791,217.0127869,56427600,0,0
2023-02-03 0:00,NVDA,209.9253281,217.372676,207.8160778,210.9249725,42936600,0,0
2023-02-06 0:00,NVDA,207.986007,215.6232895,207.7860812,210.8150024,45219700,0,0
2023-02-07 0:00,NVDA,213.7439631,222.5108331,211.4247808,221.6511383,66415000,0,0
2023-02-08 0:00,NVDA,223.7903837,228.6986413,220.0017382,221.9710388,55965100,0,0
2023-02-09 0:00,NVDA,225.9796037,230.1181307,221.1213314,223.2905579,52387600,0,0
2023-02-10 0:00,NVDA,216.8228444,220.7014692,208.0359776,212.5743561,55073700,0,0
2023-02-13 0:00,NVDA,215.3034098,220.401587,209.5454485,217.8025208,47491900,0,0
2023-02-14 0:00,NVDA,215.7032717,230.4080478,213.5840304,229.6283264,67547400,0,0
2023-02-15 0:00,NVDA,225.4098221,228.4687316,220.9813895,227.5590515,42057500,0,0
2023-02-16 0:00,NVDA,221.2512735,225.4197884,219.1920087,219.9417419,41202600,0,0
2023-02-17 0:00,NVDA,216.2330837,217.3226925,209.6754187,213.8039551,46588800,0,0
2023-02-21 0:00,NVDA,209.9253173,214.8635629,206.1066685,206.4765472,41001500,0,0
2023-02-22 0:00,NVDA,206.9963677,210.9649418,204.1373842,207.4661865,51318400,0,0
2023-02-23 0:00,NVDA,234.3166382,238.7950561,230.1681201,236.5558472,111799500,0,0
2023-02-24 0:00,NVDA,232.1674075,234.6565275,229.3883973,232.7771912,58971600,0,0
2023-02-27 0:00,NVDA,236.6158389,238.7150984,234.4566033,234.9264374,45299400,0,0
2023-02-28 0:00,NVDA,233.6368811,238.1652688,231.9774678,232.0774384,45596300,0,0
2023-03-01 0:00,NVDA,231.8375224,232.4772942,224.9999585,226.8992767,46002600,0,0
2023-03-02 0:00,NVDA,224.8000263,233.7168521,224.2402279,233.0570831,38941500,0,0
2023-03-03 0:00,NVDA,233.1170631,238.9150035,231.2177449,238.815033,41239300,0,0
2023-03-06 0:00,NVDA,238.8250498,242.3937724,234.7864779,235.4562378,43742900,0,0
2023-03-07 0:00,NVDA,235.9561463,241.2051708,232.3668171,232.836731,51515400,0.04,0
2023-03-08 0:00,NVDA,234.8263477,241.9550276,234.1964751,241.7650604,51357300,0,0
2023-03-09 0:00,NVDA,241.7050782,244.4945531,233.7865517,234.316452,50125700,0,0
2023-03-10 0:00,NVDA,234.0464924,236.2260952,227.2177598,229.6073151,47486600,0,0
2023-03-13 0:00,NVDA,227.4777231,232.9366999,222.9285656,229.6173248,42189000,0,0
2023-03-14 0:00,NVDA,234.916337,242.144989,234.5564033,240.5852814,47491000,0,0
2023-03-15 0:00,NVDA,237.5658399,242.8148641,233.5565906,242.2349701,52448600,0,0
2023-03-16 0:00,NVDA,240.2253481,255.8324474,238.8955934,255.3625336,58325300,0,0
2023-03-17 0:00,NVDA,259.7717394,263.9409476,256.632308,257.2022095,84854700,0,0
2023-03-20 0:00,NVDA,256.1023973,260.1916336,251.2533076,258.9518738,43274700,0,0
2023-03-21 0:00,NVDA,261.7513476,263.8709793,253.7628418,261.9413147,54740800,0,0
2023-03-22 0:00,NVDA,264.2009161,275.8387686,262.3212604,264.6308289,79729500,0,0
2023-03-23 0:00,NVDA,271.099598,274.9388807,266.8503879,271.8594666,56488900,0,0
2023-03-24 0:00,NVDA,270.259755,271.6195181,263.5010017,267.7402344,45492000,0,0
2023-03-27 0:00,NVDA,268.3201408,269.9498429,263.6010164,265.2607117,36102600,0,0
2023-03-28 0:00,NVDA,264.4208602,265.0807412,258.4519683,264.0509338,35610400,0,0
2023-03-29 0:00,NVDA,268.2001551,270.7296837,265.9205799,269.789856,39369400,0,0
2023-03-30 0:00,NVDA,272.2394218,274.9389019,270.9696383,273.7791138,36451600,0,0
2023-03-31 0:00,NVDA,271.3495423,278.2882546,270.9996013,277.7183533,43393300,0,0
2023-04-03 0:00,NVDA,275.0388724,279.9479635,273.3091829,279.5980225,39871600,0,0
2023-04-04 0:00,NVDA,279.6080248,279.9479579,273.0192533,274.4789734,36859200,0,0
2023-04-05 0:00,NVDA,268.2401479,269.9298363,263.9009581,268.7600403,51501500,0,0
2023-04-06 0:00,NVDA,265.790576,270.7496454,264.2208606,270.3197327,39765400,0,0
2023-04-10 0:00,NVDA,268.1801765,276.1586744,266.6404541,275.7387695,39527900,0,0
2023-04-11 0:00,NVDA,277.1884831,277.8483641,271.2096136,271.6395264,31437800,0,0
2023-04-12 0:00,NVDA,273.6491617,274.6289601,264.4308735,264.9007874,44625900,0,0
2023-04-13 0:00,NVDA,267.290329,268.8200436,263.2410937,264.5808411,35361500,0,0
2023-04-14 0:00,NVDA,264.9907673,268.7800412,262.1512986,267.5302734,39566000,0,0
2023-04-17 0:00,NVDA,265.600635,270.0098192,264.2808729,269.9698181,32147100,0,0
2023-04-18 0:00,NVDA,275.2788135,281.0477606,273.5191614,276.6185913,60481200,0,0
2023-04-19 0:00,NVDA,273.5591343,279.9479614,272.269396,279.2580872,35866000,0,0
2023-04-20 0:00,NVDA,276.6585529,280.2478819,269.9498088,270.989624,42771300,0,0
2023-04-21 0:00,NVDA,269.4699148,271.7794831,267.1703543,271.1396179,34510300,0,0
2023-04-24 0:00,NVDA,270.0797963,273.609139,266.6604186,270.369751,33928200,0,0
2023-04-25 0:00,NVDA,270.7296762,272.4193645,262.2012626,262.3612366,37852700,0,0
2023-04-26 0:00,NVDA,269.9697936,273.2491827,267.0003445,269.5098877,40633700,0,0
2023-04-27 0:00,NVDA,273.5791521,274.8989141,266.2005188,272.2094116,37716100,0,0
2023-04-28 0:00,NVDA,272.1993992,277.5283951,270.6596769,277.4384155,29168700,0,0
2023-05-01 0:00,NVDA,278.3482709,290.5260007,277.7483762,289.0462952,57032900,0,0
2023-05-02 0:00,NVDA,286.7467161,288.3064239,280.7778238,282.0476074,40273000,0,0
2023-05-03 0:00,NVDA,278.348257,283.6172972,274.6689482,277.9683228,38338700,0,0
2023-05-04 0:00,NVDA,276.4586359,278.538236,272.3493837,275.5687866,32185000,0,0
2023-05-05 0:00,NVDA,278.2083127,287.4965648,277.258477,286.7467041,36101400,0,0
2023-05-08 0:00,NVDA,285.1670013,292.1457153,283.4473197,291.4558411,34497900,0,0
2023-05-09 0:00,NVDA,288.93628,289.6761633,284.4471243,285.6568909,31486900,0,0
2023-05-10 0:00,NVDA,289.9960844,291.0759007,284.5570929,288.7963257,36935000,0,0
2023-05-11 0:00,NVDA,288.9063,289.4462082,282.4075078,285.7268982,32214900,0,0
2023-05-12 0:00,NVDA,285.2369839,287.7464967,280.4078646,283.3473206,27402700,0,0
2023-05-15 0:00,NVDA,285.026981,289.6361397,281.4676453,289.4761658,29392600,0,0
2023-05-16 0:00,NVDA,288.3564042,298.6445004,288.2664246,292.0757141,44940500,0,0
2023-05-17 0:00,NVDA,295.7850091,301.9338599,294.2452868,301.7239075,43253500,0,0
2023-05-18 0:00,NVDA,304.0434941,318.2208516,303.1436674,316.7211304,74872500,0,0
2023-05-19 0:00,NVDA,315.3013744,315.741295,309.102545,312.5819092,47312400,0,0
2023-05-22 0:00,NVDA,308.9525681,315.1414199,306.7429569,311.7020569,37200000,0,0
2023-05-23 0:00,NVDA,309.9424136,312.8218835,306.2530966,306.822998,35625300,0,0
2023-05-24 0:00,NVDA,302.0438833,306.013147,298.0046253,305.3232727,72141900,0,0
2023-05-25 0:00,NVDA,385.1584146,394.7266128,366.2819187,379.7294006,154391100,0,0
2023-05-26 0:00,NVDA,378.8295986,391.6272389,375.4302364,389.3876343,71439700,0,0
2023-05-30 0:00,NVDA,405.8745581,419.3020546,399.4157369,401.0354309,92340100,0,0
2023-05-31 0:00,NVDA,394.8066185,402.8751261,378.149711,378.2696838,100258000,0,0
2023-06-01 0:00,NVDA,384.8185114,400.4255968,383.3287674,397.6261292,63587300,0,0
2023-06-02 0:00,NVDA,400.8954806,404.9247304,390.5073969,393.1968994,48165500,0,0
2023-06-05 0:00,NVDA,389.0176987,395.5764774,386.9980851,391.637207,39609400,0,0
2023-06-06 0:00,NVDA,388.2278223,391.5272273,381.409113,386.4681702,38872900,0,0
2023-06-07 0:00,NVDA,389.1179234,394.9574384,373.5292118,374.7191162,51199800,0.04,0
2023-06-08 0:00,NVDA,377.2089296,388.6080154,375.0191075,385.0682983,41777200,0,0
2023-06-09 0:00,NVDA,390.3378539,397.0772892,385.6382592,387.6680908,42722000,0,0
2023-06-12 0:00,NVDA,391.9677006,395.2674165,386.1481728,394.7874756,38870100,0,0
2023-06-13 0:00,NVDA,401.8268909,410.9761617,397.3672667,410.1862183,61320800,0,0
2023-06-14 0:00,NVDA,408.2063499,429.9645666,405.4865729,429.9345703,74046500,0,0
2023-06-15 0:00,NVDA,425.9849053,432.8543652,421.4352922,426.494873,56862200,0,0
2023-06-16 0:00,NVDA,434.4642195,437.1739878,426.5748546,426.8848572,65475500,0,0
2023-06-20 0:00,NVDA,429.9446062,439.8637723,426.7048522,438.0439148,45115300,0,0
2023-06-21 0:00,NVDA,434.9741727,436.1140629,420.7653214,430.4145508,55160300,0,0
2023-06-22 0:00,NVDA,422.4952036,434.2242486,422.3052168,430.2145691,41773700,0,0
2023-06-23 0:00,NVDA,424.6050451,428.0547427,420.1153941,422.0552368,35632300,0,0
2023-06-26 0:00,NVDA,424.5750006,427.6047803,400.9669605,406.2865295,59432200,0,0
2023-06-27 0:00,NVDA,407.9563923,419.3654563,404.4467021,418.7255249,46217500,0,0
2023-06-28 0:00,NVDA,406.5665081,418.4155379,405.1466117,411.1361389,58263900,0,0
2023-06-29 0:00,NVDA,415.5457499,415.9657287,405.9665525,408.1863708,38051400,0,0
2023-06-30 0:00,NVDA,416.7656492,425.4649446,414.9758186,422.9851379,50053400,0,0
2023-07-03 0:00,NVDA,425.1349851,428.9446688,421.9852202,424.0950623,19820900,0,0
2023-07-05 0:00,NVDA,421.3153049,431.7344297,420.8153461,423.1351624,32361800,0,0
2023-07-06 0:00,NVDA,418.4055477,421.755278,413.4259468,420.9953308,30358200,0,0
2023-07-07 0:00,NVDA,423.1851466,432.1044254,421.7652501,424.9949951,35525300,0,0
2023-07-10 0:00,NVDA,426.5348547,428.0747058,416.4556683,421.7652283,35390800,0,0
2023-07-11 0:00,NVDA,424.7749923,427.5447531,420.6353493,424.0150452,29824400,0,0
2023-07-12 0:00,NVDA,430.2945391,439.3138156,427.7347524,438.9838257,48127700,0,0
2023-07-13 0:00,NVDA,445.1433222,461.5119689,444.8833643,459.7321167,47820400,0,0
2023-07-14 0:00,NVDA,465.7916241,480.840403,450.5628979,454.6525574,77066400,0,0
2023-07-17 0:00,NVDA,462.8518873,464.9216936,452.5827137,464.5717163,51048800,0,0
2023-07-18 0:00,NVDA,466.9715395,478.9205368,457.3023226,474.9008789,57019000,0,0
2023-07-19 0:00,NVDA,474.6009079,478.1405943,467.3815016,470.7312012,42750200,0,0
2023-07-20 0:00,NVDA,465.031688,470.8311979,450.5828664,455.1625061,53786500,0,0
2023-07-21 0:00,NVDA,457.8422875,458.6222221,440.9636731,443.0534973,96283200,0,0
2023-07-24 0:00,NVDA,447.2731564,451.0528438,440.3637218,446.083252,38251600,0,0
2023-07-25 0:00,NVDA,449.3729834,461.7919432,449.1930056,456.7523804,34808100,0,0
2023-07-26 0:00,NVDA,460.1720776,460.4920586,446.2632199,454.4825439,36423700,0,0
2023-07-27 0:00,NVDA,465.1516812,473.9109694,457.4623123,458.9621887,45597600,0,0
2023-07-28 0:00,NVDA,466.641547,470.2312476,463.7717884,467.4614868,33119400,0,0
2023-07-31 0:00,NVDA,467.5015053,471.2611749,465.0216985,467.2515259,25105500,0,0
2023-08-01 0:00,NVDA,464.5617452,468.9613768,460.2320847,465.0317078,23785800,0,0
2023-08-02 0:00,NVDA,458.2722423,458.3622312,433.8342532,442.6535339,53014200,0,0
2023-08-03 0:00,NVDA,437.9639071,451.1428137,437.9639071,445.1133118,32417600,0,0
2023-08-04 0:00,NVDA,449.8129507,456.3824168,443.8934249,446.7631836,36225800,0,0
2023-08-07 0:00,NVDA,451.0728229,455.362478,445.5932939,454.1325989,32215400,0,0
2023-08-08 0:00,NVDA,448.4930388,452.3827329,440.5236944,446.6032104,35384300,0,0
2023-08-09 0:00,NVDA,442.7035083,443.0834818,421.3052777,425.5049438,58644900,0,0
2023-08-10 0:00,NVDA,421.5652818,435.7041013,418.3155495,423.8450928,49270500,0,0
2023-08-11 0:00,NVDA,417.4756107,420.1453736,406.3565317,408.5163269,53200900,0,0
2023-08-14 0:00,NVDA,404.8266353,437.96392,403.0767794,437.4939575,69028600,0,0
2023-08-15 0:00,NVDA,445.5633016,452.6427049,437.0640017,439.3638,67651200,0,0
2023-08-16 0:00,NVDA,445.1633327,446.7131928,434.0242358,434.8241577,52745100,0,0
2023-08-17 0:00,NVDA,439.663791,440.5836981,429.9745868,433.4042969,45239500,0,0
2023-08-18 0:00,NVDA,426.3148781,435.7440939,416.5656815,432.9543152,58262200,0,0
2023-08-21 0:00,NVDA,444.9033437,470.6112169,442.1835665,469.6313171,69257300,0,0
2023-08-22 0:00,NVDA,481.3103452,481.8302914,453.2926344,456.6423645,75720700,0,0
2023-08-23 0:00,NVDA,458.6222152,471.9611124,452.0427402,471.1211853,77904600,0,0
2023-08-24 0:00,NVDA,502.11864,502.6185988,471.5511508,471.591156,115604400,0,0
2023-08-25 0:00,NVDA,470.0812736,478.0106131,450.2029061,460.1420898,92534100,0,0
2023-08-28 0:00,NVDA,464.7817238,469.7612942,448.8430343,468.3114319,68519200,0,0
2023-08-29 0:00,NVDA,466.621557,490.7695612,463.8717835,487.7998047,70139700,0,0
2023-08-30 0:00,NVDA,490.3995953,499.2288544,484.2101029,492.5994263,73520600,0,0
2023-08-31 0:00,NVDA,493.7593178,497.3990326,489.5396641,493.5093384,52857000,0,0
2023-09-01 0:00,NVDA,497.5790158,497.9589893,481.3803681,485.0500488,46319100,0,0
2023-09-05 0:00,NVDA,482.1903006,488.4697822,478.5605946,485.440033,38265300,0,0
2023-09-06 0:00,NVDA,484.4100037,485.4899902,465.7999878,470.6099854,46867000,0.04,0
2023-09-07 0:00,NVDA,455.25,463.4400024,451.519989,462.4100037,43333000,0,0
2023-09-08 0:00,NVDA,459.4200134,466.0599976,452.7099915,455.7200012,47306900,0,0
2023-09-11 0:00,NVDA,461.480011,461.6300049,443.1199951,451.7799988,47396600,0,0
2023-09-12 0:00,NVDA,447.3800049,456.730011,445.3099976,448.7000122,34925600,0,0
2023-09-13 0:00,NVDA,446,459.2999878,445.0299988,454.8500061,39835500,0,0
2023-09-14 0:00,NVDA,459.5,459.8699951,451.3099976,455.8099976,37009700,0,0
2023-09-15 0:00,NVDA,453.4100037,455.9899902,438.0799866,439,50571300,0,0
2023-09-18 0:00,NVDA,427.480011,442.4200134,420,439.6600037,50027100,0,0
2023-09-19 0:00,NVDA,438.3299866,439.6600037,430.019989,435.2000122,37306400,0,0
2023-09-20 0:00,NVDA,436,439.0299988,422.230011,422.3900146,36710800,0,0
2023-09-21 0:00,NVDA,415.8299866,421,409.7999878,410.1700134,44893000,0,0
2023-09-22 0:00,NVDA,415.7200012,421.1499939,412.3099976,416.1000061,47066162,0,0
